--
INSERT INTO `genpen`.`endereco` (`rua`,`numero`,`complemento`,`bairro`,`cidade`,`estado`,`pais`,`cep`) VALUES
('ADELINA NUSS ','216918','CASA','CASA FORTE','ALUMINIO','MG','BRASIL','39494167'),
('ADELINA SCHAEFER NUSS ','679808','APT','SANTANA','ARACARIGUAMA','MG','BRASIL','58841580'),
('ADOLFO SCHAEFER ','714777','CASA','MONTEIRO','ARUJA','MG','BRASIL','44215465'),
('ALBERTO NUSS ','719019','APT','MANGABEIRA','ATIBAIA','SP','BRASIL','43141400'),
('ALFRED OTTO NAGEL ','253192','CASA','MADALENA','BARUERI','SP','BRASIL','54630038'),
('ALOIS ERTHAL ','529464','APT','ZUMBI','BIRITIBA-MIRIM','SP','BRASIL','30146460'),
('ALVINA ERTHAL ','493959','CASA','JIQUIÁ','BOM JESUS DOS PERDOES','SP','BRASIL','56307841'),
('ANDREAS SCHUMACHER ','33820','APT','SANCHO','BRAGANCA PAULISTA','SP','BRASIL','54744331'),
('ANNA KOHLER BOOS ','365798','APT','TEJIPIÓ','CABREUVA','SP','BRASIL','42296376'),
('ANNA WIPPEL FISCHER ','233317','CASA','ESTÂNCIA','CAIEIRAS','PE','ESTADOS UNIDOS','45357294'),
('ANTONIO FISCHER ','569416','APT','AREIAS','CAJAMAR','PE','ESTADOS UNIDOS','43172731'),
('ANTONIO KORMANN ','325696','CASA','IBURA','CAMPO LIMPO PAULISTA','PE','ESTADOS UNIDOS','53408490'),
('ANTONIO SCHAEFER ','40424','APT','IMBIRIBEIRA','CARAPICUIBA','PE','ESTADOS UNIDOS','33152468'),
('ARNOLDO KORMANN ','513297','APT','LAGOA DO ARAÇÁ','CIABYTE','PE','ESTADOS UNIDOS','30799812'),
('AUGUSTO SCHWEIGERT ','944252','CASA','SANTO ANTÔNIO','COTIA','PE','ESTADOS UNIDOS','58411114'),
('AUGUSTO TRUPPEL ','753620','APT','CABANGA','DIADEMA','PE','ESTADOS UNIDOS','41013322'),
('BAVIERA ','898875','CASA','COQUE','EMBU','PE','ESTADOS UNIDOS','49925752'),
('BEIRA RIO 1 - LOT 10 DE JUNHO ','705716','APT','BRASÍLIA TEIMOSA','EMBU-GUACU','PE','ESTADOS UNIDOS','51418551'),
('BEIRA RIO 2 - LOT 10 DE JUNHO ','198897','APT','SETÚBAL','FERRAZ DE VASCONCELOS','PE','ESTADOS UNIDOS','50153820'),
('BENO REICHERT ','341605','CASA','IPUTINGA','FRANCISCO MORATO','PE','ESTADOS UNIDOS','55301924'),
('BRUSQUE ','616296','APT','APIPUCOS','FRANCO DA ROCHA','PE','ESTADOS UNIDOS','42402520'),
('CARLOS KOHLER ','101222','CASA','CASA AMARELA','GUARAREMA','PE','ESTADOS UNIDOS','57770175'),
('CARLOS NUSS','106507','APT','POÇO DA PANELA','GUARULHOS','PE','ESTADOS UNIDOS','49841351'),
('CARLOS ZABEL ','220919','APT','PARNAMIRIM','IGARATA','SP','ESTADOS UNIDOS','50704824'),
('CONRADO SCHAEFER ','597798','CASA','TAMARINEIRA','ITAPECERICA DA SERRA','SP','ESTADOS UNIDOS','34636069'),
('CRISTINA FUCKNER ','275567','APT','TORRE','ITAPEVI','SP','BRASIL','30258549'),
('DIONILDA KORMANN','265804','CASA','PRADO','ITAQUAQUECETUBA','SP','BRASIL','44823243'),
('EDLA KORMANN ','300430','APT','SAN MARTIN','ITATIBA','SP','BRASIL','44050783'),
('ELIZABETH SCHIRMER','848508','APT','CURADO','ITU','RO','BRASIL','34420626'),
('ELLI KROENKEL ','199041','CASA','TOTÓ','ITUPEVA','RO','BRASIL','32644125'),
('ELVIRA KOSER','678587','APT','JARDIM SÃO PAULO','JANDIRA','RO','BRASIL','42402191'),
('ERNESTINA J POLLHEIM KNOCKE ','153029','CASA','BARRO','JARINU','RO','BRASIL','39113921'),
('EVALDO DEBATIN ','395749','APT','CAÇOTE','JOANOPOLIS','RO','BRASIL','38818645'),
('FABRICIANO ZIMMERMANN ','831534','APT','IPSEP','JUNDIAI','RO','BRASIL','49875751'),
('FLORENTINA DALBOSCO ','393733','CASA','SÍTIO GRANDE','JUQUITIBA','RO','BRASIL','59449778'),
('FRANCISCO DEBATIN ','241698','APT','AFOGADOS','MAIRINQUE','RO','BRASIL','38310205'),
('FRANCISCO JOSE SCHMIDT ','954446','CASA','SÃO JOSÉ ','MAIRIPORA','RO','COREIA DO NORTE','55037294'),
('FREDERICO JOSE HANG ','537698','APT','ILHA JOANA BEZERRA','MAUA','RO','COREIA DO NORTE','47696642'),
('GILMAR POLLHEIM ','836350','APT','PINA','MOJI DAS CRUZES','RO','COREIA DO NORTE','38438971'),
('GUILHERME MULLER ','508324','CASA','BOA VIAGEM','MORUNGABA','RO','COREIA DO NORTE','50248974'),
('GUILHERME POLLHEIM ','688550','CASA','PARNAMIRIM','NAZARE PAULISTA','RO','COREIA DO NORTE','48756397'),
('HENRIQUE BATSCHAUER ','566744','APT','TAMARINEIRA','OSASCO','RO','COREIA DO NORTE','47204052'),
('HENRIQUE SCHUMACHER ','626798','APT','TORRE','PEDRA BELA','RO','COREIA DO NORTE','31235920'),
('HERBERT POLLHEIM ','65861','CASA','PRADO','PINHALZINHO','RO','COREIA DO NORTE','41901943'),
('HILDA DEBATIN ','870928','APT','SAN MARTIN','PIRACAIA','RO','COREIA DO NORTE','37246947'),
('IRENE IMHOF SCHAEFER ','609436','APT','CURADO','PIRAPORA DO BOM JESUS','RO','COREIA DO NORTE','45813751'),
('IRINEU BOLOGNINI','343060','CASA','TOTÓ','POA','RO','COREIA DO NORTE','32851317'),
('JOAO POLLHEIM ','475688','APT','JARDIM SÃO PAULO','RIBEIRAO PIRES','RO','COREIA DO NORTE','34505634'),
('JOSE ANTONIO FISCHER ','914659','APT','BARRO','RIO GRANDE DA SERRA','RO','COREIA DO NORTE','32244357'),
('JOSE DIRSCHNABEL ','451750','CASA','CAÇOTE','SALESOPOLIS','SP','COREIA DO NORTE','57071209'),
('JOSE FISCHER ','290180','APT','IPSEP','SALTO','SP','COREIA DO NORTE','53651946'),
('JOSE JULIO SCHUMACHER ','448236','CASA','SÍTIO GRANDE','SANTA ISABEL','SP','COREIA DO NORTE','31269087'),
('JOSE SCHIRMER ','480738','CASA','AFOGADOS','SANTANA DE PARNAIBA','SP','COREIA DO NORTE','42409517'),
('JOSE SCHWEIGERT ','572740','APT','SÃO JOSÉ ','SANTO ANDRE','SP','COREIA DO NORTE','50567429'),
('JOSE VICENTE COELHO ','832743','APT','ILHA JOANA BEZERRA','SAO BERNARDO DO CAMPO','SP','COREIA DO NORTE','56933475'),
('JULIO SCHUMACHER ','301393','CASA','PINA','SAO CAETANO DO SUL','RJ','COREIA DO NORTE','30716598'),
('KURT WALDHEIM ','625901','APT','BOA VIAGEM','SAO LOURENCO DA SERRA','RJ','COREIA DO NORTE','45900894'),
('LEONY ROCHA','492785','APT','PARNAMIRIM','SAO PAULO','RJ','COREIA DO NORTE','43757863'),
('LUCIMARA COELHO POLLHEIM ','258263','CASA','TAMARINEIRA','SAO ROQUE','RJ','COREIA DO NORTE','53057187'),
('LUIZ INHOF ','416633','APT','TORRE','SUZANO','RJ','COREIA DO NORTE','49040038'),
('MARCOS POLLHEIM ','380823','APT','PRADO','TABOAO DA SERRA','RJ','COREIA DO NORTE','55831555'),
('MARIA LUIZA POLLHEIM ','230208','CASA','SAN MARTIN','TUIUTI','RJ','COREIA DO NORTE','59716137'),
('MARIA OLIVIA COELHO ','454821','APT','CURADO','VARGEM','RJ','COREIA DO NORTE','32992946'),
('MARIA TEREZINHA DEBATIN ','715393','CASA','TOTÓ','VARGEM GRANDE PAULISTA','RJ','COREIA DO NORTE','45209756'),
('MATHILDE IMHOF ','646514','CASA','JARDIM SÃO PAULO','VARZEA PAULISTA','RJ','COREIA DO NORTE','47191395'),
('OLINDA HEFFELMANN ','305697','APT','BARRO','OSASCO','RJ','COREIA DO NORTE','51995510'),
('ONESIO SCHAEFER ','691385','APT','CAÇOTE','PEDRA BELA','RJ','COREIA DO NORTE','58066394'),
('OSCAR SCHUMACHER ','540068','CASA','IPSEP','PINHALZINHO','RJ','COREIA DO NORTE','52131270'),
('OSVALDO HAROLDO FUCKNER ','236136','APT','SÍTIO GRANDE','PIRACAIA','RJ','COREIA DO NORTE','49825815'),
('OTTO DIRSCHNABEL ','255841','APT','AFOGADOS','PIRAPORA DO BOM JESUS','RJ','COREIA DO NORTE','37359094'),
('OTTO LOFHAGEN ','855961','CASA','SÃO JOSÉ ','POA','RJ','COREIA DO NORTE','37769881'),
('PAULINA KORMANN BELLI ','678409','APT','ILHA JOANA BEZERRA','RIBEIRAO PIRES','RJ','COREIA DO NORTE','33025871'),
('PAULO KORMANN ','792702','APT','PINA','RIO GRANDE DA SERRA','RJ','COREIA DO NORTE','54279078'),
('PEDRO FISCHER ','363068','CASA','BOA VIAGEM','SALESOPOLIS','RJ','COREIA DO NORTE','42855317'),
('ROBERTO POLLHEIM ','776809','APT','ENGENHO DO MEIO','SALTO','RJ','COREIA DO NORTE','49835064'),
('RODOLFO SCHAEFER ','167634','CASA','ILHA DO RETIRO','SANTA ISABEL','RJ','COREIA DO NORTE','36506207'),
('RUA ANDREAS SCHUMACHER ','705703','APT','TORRÕES','SANTANA DE PARNAIBA','RJ','BRASIL','50307457'),
('SEBASTIAO BOOS ','962589','APT','BOMBA GRANDE','SANTO ANDRE','RJ','BRASIL','30844716'),
('SELMA DEBATIN ','997606','CASA','DOIS IRMÃOS','SAO BERNARDO DO CAMPO','RJ','BRASIL','35302292'),
('TEODORO KORMANN ','520473','APT','LOTEAMENTO NOVA MORADA','SAO CAETANO DO SUL','RJ','BRASIL','56991453'),
('TOMAZ DEMETRIO ','306145','APT','JAQUEIRA','SAO LOURENCO DA SERRA','RJ','BRASIL','30485070'),
('VALDIR FISCHER ','839439','CASA','ÁGUA FRIA','SAO PAULO','RJ','BRASIL','48066245'),
('VENDELINO KOHLER ','138121','APT','ARRUDA','SAO ROQUE','RJ','BRASIL','44665666'),
('VER. GUILHERME GARTNER ','402499','APT','HIPÓDROMO','SUZANO','RJ','BRASIL','38748783'),
('VEREADOR ERICO TRUPPEL ','565463','CASA','TORREÃO','TABOAO DA SERRA','RJ','BRASIL','43883441'),
('VICENTE KORMANN','164740','CASA','SANTO AMARO','OSASCO','RJ','BRASIL','54754192'),
('MATHILDE HUBER ','9622','APT','ESPINHEIRO','PEDRA BELA','SP','BRASIL','52059147'),
('MELCHIOR FISCHER ','751449','APT','CAJUEIRO','PINHALZINHO','SP','BRASIL','57454202'),
('NICOLAU HUBER ','787975','CASA','FUNDÃO','PIRACAIA','SP','BRASIL','31627975'),
('OSVALDO HABITZREUTER ','364524','APT','SOLEDADE','PIRAPORA DO BOM JESUS','SP','BRASIL','42658441'),
('OVIDIO SUAVI ','763421','APT','GRAÇAS','POA','SP','BRASIL','43340855'),
('PAULO HABITZREUTER ','215297','CASA','COELHOS','RIBEIRAO PIRES','SP','BRASIL','37464484'),
('RAINOLDO HOERNER ','782032','APT','BONGI','RIO GRANDE DA SERRA','SC','CUBA','37276520'),
('REGINA HUBER ','348043','APT','MANGUEIRA','SALESOPOLIS','SC','CUBA','41369271'),
('REINOLDO HOERNER ','867609','CASA','CIDADE UNIVERSITÁRIA','SALTO','SC','CUBA','31492945'),
('SANTA CATARINA ','234657','CASA','VÁRZEA','SANTA ISABEL','SC','CUBA','51527351'),
('SANTO ANTONIO ','939960','APT','CORDEIRO','SANTANA DE PARNAIBA','SC','CUBA','53938187'),
('SAO BENEDITO ','390355','APT','CAXANGÁ','SANTO ANDRE','SC','CUBA','34281263'),
('SAO JOSE ','641184','CASA','DETRAN','SAO BERNARDO DO CAMPO','SC','CUBA','54481823'),
('SAO PEDRO','746353','APT','ROSARINHO','SAO CAETANO DO SUL','SP','CUBA','48888076'),
('ADELINA NUSS ','216918','CASA','CASA FORTE','ALUMINIO','MG','BRASIL','39494167'),
('ADELINA SCHAEFER NUSS ','679808','APT','SANTANA','ARACARIGUAMA','MG','BRASIL','58841580'),
('ADOLFO SCHAEFER ','714777','CASA','MONTEIRO','ARUJA','MG','BRASIL','44215465'),
('ALBERTO NUSS ','719019','APT','MANGABEIRA','ATIBAIA','SP','BRASIL','43141400'),
('ALFRED OTTO NAGEL ','253192','CASA','MADALENA','BARUERI','SP','BRASIL','54630038'),
('ALOIS ERTHAL ','529464','APT','ZUMBI','BIRITIBA-MIRIM','SP','BRASIL','30146460'),
('ALVINA ERTHAL ','493959','CASA','JIQUIÁ','BOM JESUS DOS PERDOES','SP','BRASIL','56307841'),
('ANDREAS SCHUMACHER ','33820','APT','SANCHO','BRAGANCA PAULISTA','SP','BRASIL','54744331'),
('ANNA KOHLER BOOS ','365798','APT','TEJIPIÓ','CABREUVA','SP','BRASIL','42296376'),
('ANNA WIPPEL FISCHER ','233317','CASA','ESTÂNCIA','CAIEIRAS','PE','ESTADOS UNIDOS','45357294'),
('ANTONIO FISCHER ','569416','APT','AREIAS','CAJAMAR','PE','ESTADOS UNIDOS','43172731'),
('ANTONIO KORMANN ','325696','CASA','IBURA','CAMPO LIMPO PAULISTA','PE','ESTADOS UNIDOS','53408490'),
('ANTONIO SCHAEFER ','40424','APT','IMBIRIBEIRA','CARAPICUIBA','PE','ESTADOS UNIDOS','33152468'),
('ARNOLDO KORMANN ','513297','APT','LAGOA DO ARAÇÁ','CIABYTE','PE','ESTADOS UNIDOS','30799812'),
('AUGUSTO SCHWEIGERT ','944252','CASA','SANTO ANTÔNIO','COTIA','PE','ESTADOS UNIDOS','58411114'),
('AUGUSTO TRUPPEL ','753620','APT','CABANGA','DIADEMA','PE','ESTADOS UNIDOS','41013322'),
('BAVIERA ','898875','CASA','COQUE','EMBU','PE','ESTADOS UNIDOS','49925752'),
('BEIRA RIO 1 - LOT 10 DE JUNHO ','705716','APT','BRASÍLIA TEIMOSA','EMBU-GUACU','PE','ESTADOS UNIDOS','51418551'),
('BEIRA RIO 2 - LOT 10 DE JUNHO ','198897','APT','SETÚBAL','FERRAZ DE VASCONCELOS','PE','ESTADOS UNIDOS','50153820'),
('BENO REICHERT ','341605','CASA','IPUTINGA','FRANCISCO MORATO','PE','ESTADOS UNIDOS','55301924'),
('BRUSQUE ','616296','APT','APIPUCOS','FRANCO DA ROCHA','PE','ESTADOS UNIDOS','42402520'),
('CARLOS KOHLER ','101222','CASA','CASA AMARELA','GUARAREMA','PE','ESTADOS UNIDOS','57770175'),
('CARLOS NUSS','106507','APT','POÇO DA PANELA','GUARULHOS','PE','ESTADOS UNIDOS','49841351'),
('CARLOS ZABEL ','220919','APT','PARNAMIRIM','IGARATA','SP','ESTADOS UNIDOS','50704824'),
('CONRADO SCHAEFER ','597798','CASA','TAMARINEIRA','ITAPECERICA DA SERRA','SP','ESTADOS UNIDOS','34636069'),
('CRISTINA FUCKNER ','275567','APT','TORRE','ITAPEVI','SP','BRASIL','30258549'),
('DIONILDA KORMANN','265804','CASA','PRADO','ITAQUAQUECETUBA','SP','BRASIL','44823243'),
('EDLA KORMANN ','300430','APT','SAN MARTIN','ITATIBA','SP','BRASIL','44050783'),
('ELIZABETH SCHIRMER','848508','APT','CURADO','ITU','RO','BRASIL','34420626'),
('ELLI KROENKEL ','199041','CASA','TOTÓ','ITUPEVA','RO','BRASIL','32644125'),
('ELVIRA KOSER','678587','APT','JARDIM SÃO PAULO','JANDIRA','RO','BRASIL','42402191'),
('ERNESTINA J POLLHEIM KNOCKE ','153029','CASA','BARRO','JARINU','RO','BRASIL','39113921'),
('EVALDO DEBATIN ','395749','APT','CAÇOTE','JOANOPOLIS','RO','BRASIL','38818645'),
('FABRICIANO ZIMMERMANN ','831534','APT','IPSEP','JUNDIAI','RO','BRASIL','49875751'),
('FLORENTINA DALBOSCO ','393733','CASA','SÍTIO GRANDE','JUQUITIBA','RO','BRASIL','59449778'),
('FRANCISCO DEBATIN ','241698','APT','AFOGADOS','MAIRINQUE','RO','BRASIL','38310205'),
('FRANCISCO JOSE SCHMIDT ','954446','CASA','SÃO JOSÉ ','MAIRIPORA','RO','COREIA DO NORTE','55037294'),
('FREDERICO JOSE HANG ','537698','APT','ILHA JOANA BEZERRA','MAUA','RO','COREIA DO NORTE','47696642'),
('GILMAR POLLHEIM ','836350','APT','PINA','MOJI DAS CRUZES','RO','COREIA DO NORTE','38438971'),
('GUILHERME MULLER ','508324','CASA','BOA VIAGEM','MORUNGABA','RO','COREIA DO NORTE','50248974'),
('GUILHERME POLLHEIM ','688550','CASA','PARNAMIRIM','NAZARE PAULISTA','RO','COREIA DO NORTE','48756397'),
('HENRIQUE BATSCHAUER ','566744','APT','TAMARINEIRA','OSASCO','RO','COREIA DO NORTE','47204052'),
('HENRIQUE SCHUMACHER ','626798','APT','TORRE','PEDRA BELA','RO','COREIA DO NORTE','31235920'),
('HERBERT POLLHEIM ','65861','CASA','PRADO','PINHALZINHO','RO','COREIA DO NORTE','41901943'),
('HILDA DEBATIN ','870928','APT','SAN MARTIN','PIRACAIA','RO','COREIA DO NORTE','37246947'),
('IRENE IMHOF SCHAEFER ','609436','APT','CURADO','PIRAPORA DO BOM JESUS','RO','COREIA DO NORTE','45813751'),
('IRINEU BOLOGNINI','343060','CASA','TOTÓ','POA','RO','COREIA DO NORTE','32851317'),
('JOAO POLLHEIM ','475688','APT','JARDIM SÃO PAULO','RIBEIRAO PIRES','RO','COREIA DO NORTE','34505634'),
('JOSE ANTONIO FISCHER ','914659','APT','BARRO','RIO GRANDE DA SERRA','RO','COREIA DO NORTE','32244357'),
('JOSE DIRSCHNABEL ','451750','CASA','CAÇOTE','SALESOPOLIS','SP','COREIA DO NORTE','57071209'),
('JOSE FISCHER ','290180','APT','IPSEP','SALTO','SP','COREIA DO NORTE','53651946'),
('JOSE JULIO SCHUMACHER ','448236','CASA','SÍTIO GRANDE','SANTA ISABEL','SP','COREIA DO NORTE','31269087'),
('JOSE SCHIRMER ','480738','CASA','AFOGADOS','SANTANA DE PARNAIBA','SP','COREIA DO NORTE','42409517'),
('JOSE SCHWEIGERT ','572740','APT','SÃO JOSÉ ','SANTO ANDRE','SP','COREIA DO NORTE','50567429'),
('JOSE VICENTE COELHO ','832743','APT','ILHA JOANA BEZERRA','SAO BERNARDO DO CAMPO','SP','COREIA DO NORTE','56933475'),
('JULIO SCHUMACHER ','301393','CASA','PINA','SAO CAETANO DO SUL','RJ','COREIA DO NORTE','30716598'),
('KURT WALDHEIM ','625901','APT','BOA VIAGEM','SAO LOURENCO DA SERRA','RJ','COREIA DO NORTE','45900894'),
('LEONY ROCHA','492785','APT','PARNAMIRIM','SAO PAULO','RJ','COREIA DO NORTE','43757863'),
('LUCIMARA COELHO POLLHEIM ','258263','CASA','TAMARINEIRA','SAO ROQUE','RJ','COREIA DO NORTE','53057187'),
('LUIZ INHOF ','416633','APT','TORRE','SUZANO','RJ','COREIA DO NORTE','49040038'),
('MARCOS POLLHEIM ','380823','APT','PRADO','TABOAO DA SERRA','RJ','COREIA DO NORTE','55831555'),
('MARIA LUIZA POLLHEIM ','230208','CASA','SAN MARTIN','TUIUTI','RJ','COREIA DO NORTE','59716137'),
('MARIA OLIVIA COELHO ','454821','APT','CURADO','VARGEM','RJ','COREIA DO NORTE','32992946'),
('MARIA TEREZINHA DEBATIN ','715393','CASA','TOTÓ','VARGEM GRANDE PAULISTA','RJ','COREIA DO NORTE','45209756'),
('MATHILDE IMHOF ','646514','CASA','JARDIM SÃO PAULO','VARZEA PAULISTA','RJ','COREIA DO NORTE','47191395'),
('OLINDA HEFFELMANN ','305697','APT','BARRO','OSASCO','RJ','COREIA DO NORTE','51995510'),
('ONESIO SCHAEFER ','691385','APT','CAÇOTE','PEDRA BELA','RJ','COREIA DO NORTE','58066394'),
('OSCAR SCHUMACHER ','540068','CASA','IPSEP','PINHALZINHO','RJ','COREIA DO NORTE','52131270'),
('OSVALDO HAROLDO FUCKNER ','236136','APT','SÍTIO GRANDE','PIRACAIA','RJ','COREIA DO NORTE','49825815'),
('OTTO DIRSCHNABEL ','255841','APT','AFOGADOS','PIRAPORA DO BOM JESUS','RJ','COREIA DO NORTE','37359094'),
('OTTO LOFHAGEN ','855961','CASA','SÃO JOSÉ ','POA','RJ','COREIA DO NORTE','37769881'),
('PAULINA KORMANN BELLI ','678409','APT','ILHA JOANA BEZERRA','RIBEIRAO PIRES','RJ','COREIA DO NORTE','33025871'),
('PAULO KORMANN ','792702','APT','PINA','RIO GRANDE DA SERRA','RJ','COREIA DO NORTE','54279078'),
('PEDRO FISCHER ','363068','CASA','BOA VIAGEM','SALESOPOLIS','RJ','COREIA DO NORTE','42855317'),
('ROBERTO POLLHEIM ','776809','APT','ENGENHO DO MEIO','SALTO','RJ','COREIA DO NORTE','49835064'),
('RODOLFO SCHAEFER ','167634','CASA','ILHA DO RETIRO','SANTA ISABEL','RJ','COREIA DO NORTE','36506207'),
('RUA ANDREAS SCHUMACHER ','705703','APT','TORRÕES','SANTANA DE PARNAIBA','RJ','BRASIL','50307457'),
('SEBASTIAO BOOS ','962589','APT','BOMBA GRANDE','SANTO ANDRE','RJ','BRASIL','30844716'),
('SELMA DEBATIN ','997606','CASA','DOIS IRMÃOS','SAO BERNARDO DO CAMPO','RJ','BRASIL','35302292'),
('TEODORO KORMANN ','520473','APT','LOTEAMENTO NOVA MORADA','SAO CAETANO DO SUL','RJ','BRASIL','56991453'),
('TOMAZ DEMETRIO ','306145','APT','JAQUEIRA','SAO LOURENCO DA SERRA','RJ','BRASIL','30485070'),
('VALDIR FISCHER ','839439','CASA','ÁGUA FRIA','SAO PAULO','RJ','BRASIL','48066245'),
('VENDELINO KOHLER ','138121','APT','ARRUDA','SAO ROQUE','RJ','BRASIL','44665666'),
('VER. GUILHERME GARTNER ','402499','APT','HIPÓDROMO','SUZANO','RJ','BRASIL','38748783'),
('VEREADOR ERICO TRUPPEL ','565463','CASA','TORREÃO','TABOAO DA SERRA','RJ','BRASIL','43883441'),
('VICENTE KORMANN','164740','CASA','SANTO AMARO','OSASCO','RJ','BRASIL','54754192'),
('MATHILDE HUBER ','9622','APT','ESPINHEIRO','PEDRA BELA','SP','BRASIL','52059147'),
('MELCHIOR FISCHER ','751449','APT','CAJUEIRO','PINHALZINHO','SP','BRASIL','57454202'),
('NICOLAU HUBER ','787975','CASA','FUNDÃO','PIRACAIA','SP','BRASIL','31627975'),
('OSVALDO HABITZREUTER ','364524','APT','SOLEDADE','PIRAPORA DO BOM JESUS','SP','BRASIL','42658441'),
('OVIDIO SUAVI ','763421','APT','GRAÇAS','POA','SP','BRASIL','43340855'),
('PAULO HABITZREUTER ','215297','CASA','COELHOS','RIBEIRAO PIRES','SP','BRASIL','37464484'),
('RAINOLDO HOERNER ','782032','APT','BONGI','RIO GRANDE DA SERRA','SC','CUBA','37276520'),
('REGINA HUBER ','348043','APT','MANGUEIRA','SALESOPOLIS','SC','CUBA','41369271'),
('REINOLDO HOERNER ','867609','CASA','CIDADE UNIVERSITÁRIA','SALTO','SC','CUBA','31492945'),
('SANTA CATARINA ','234657','CASA','VÁRZEA','SANTA ISABEL','SC','CUBA','51527351'),
('SANTO ANTONIO ','939960','APT','CORDEIRO','SANTANA DE PARNAIBA','SC','CUBA','53938187'),
('SAO BENEDITO ','390355','APT','CAXANGÁ','SANTO ANDRE','SC','CUBA','34281263'),
('SAO JOSE ','641184','CASA','DETRAN','SAO BERNARDO DO CAMPO','SC','CUBA','54481823'),
('SAO PEDRO','746353','APT','ROSARINHO','SAO CAETANO DO SUL','SP','CUBA','48888076');

--
INSERT INTO `genpen`.`penitenciaria` (`nome`,`tipo`,`orgao`,`sigla`,`cnpj`,`responsavel`,`seguranca`,`telefone`,`id_endereco`) VALUES
('PENITENCIARIA FEDERAL RURAL DE PERNAMBUCO','CADEIA PÚBLICA','SDSPE','PFRPE','65447541000108','JOSINO RODRIGUES','MÁXIMA','8133399000','101');

--
INSERT INTO `genpen`.`preso` (`nome`,`cpf`,`rg`,`sexo`,`cor_pele`,`tipo_sanguineo`,`nacionalidade`,`data_nascimento`,`observacoes`,`id_endereco`) VALUES
('ABRILINA DÉCIMA NONA CAÇAPAVANA PIRATININGA','32262884071','96768016','M','BRANCO','O+','BRASILEIRO','1982-12-30','CAOLHO','1'),
('ACHEROPITA PAPAZONE','82968793415','25339914','M','MESTIÇO','O-','BRASILEIRO','1982-12-31','COTÓ','2'),
('JOSÉ CASOU DE CALÇAS CURTAS','98996032977','97405756','M','PARDO','O+','CUBANO ','1982-12-25','MANCO','3'),
('JOSÉ CATARRINHO','32556706009','46896649','M','NEGRO','O+','AMERICANO','1954-11-29','FANHO','4'),
('JOSÉ MACHUCA','92422340005','12785538','M','AMARELO','O-','COREANO','1982-03-09','CEGO','5'),
('JOSÉ MARIA GUARDANAPO','28269016367','38800995','M','BRANCO','O-','COREANO','1982-12-30','MUDO','6'),
('JOSÉ PADRE NOSSO','90599876900','27076744','M','BRANCO','AB+','AMERICANO','1982-12-31','SURDO','7'),
('JOSÉ TEODORO PINTO TAPADO','50951765085','26293895','M','MESTIÇO','AB-','BRASILEIRO','1982-12-25','NDA','8'),
('JOSÉ XIXI','81264901627','95589616','M','PARDO','A-','AMERICANO','1954-11-29','NDA','9'),
('JOVELINA Ó ROSA CHEIROSA','71272857860','66292802','M','NEGRO','A+','BRASILEIRO','1982-03-09','NDA','10'),
('JOTACÁ DOIS MIL E UM JUANA MULA','96516345649','83648694','M','AMARELO','A-','BRASILEIRO','1982-12-30','NDA','11'),
('JÚLIO SANTOS PÉ-CURTO','88501914751','77934808','M','BRANCO','AB-','BRASILEIRO','1982-12-31','NDA','12'),
('JUSTIÇA MARIA DE JESUS','60217594728','10881885','M','MESTIÇO','A-','BRASILEIRO','1982-12-25','CAOLHO','13'),
('LANÇA PERFUME RODOMETÁLICO DE ANDRADE','65954587302','83957295','M','PARDO','A+','BRASILEIRO','1954-11-29','COTÓ','14'),
('LEÃO ROLANDO PEDREIRA','49466163391','83496124','M','NEGRO','A-','BRASILEIRO','1982-03-09','MANCO','15'),
('LEDA PRAZERES AMANTE','99931396471','77033804','M','AMARELO','A+','BRASILEIRO','1982-12-30','FANHO','16'),
('LETSGO DAQUI ','63182264361','36976920','M','BRANCO','A-','CUBANO','1982-12-31','CEGO','17'),
('LIBERDADE IGUALDADE','66894671870','93148178','M','BRANCO','AB-','CUBANO','1982-12-25','MUDO','18'),
('FRATERNIDADE NOVA YORK ROCHA','70711432333','13506121','M','MESTIÇO','A-','AMERICANO','1954-11-29','SURDO','19'),
('LIBERTINO AFRICANO NOBRE','24807114331','74458275','M','PARDO','O+','AMERICANO','1982-03-09','NDA','20'),
('LINDULFO CELIDONIO CALAFANGE DE TEFÉ','74939084284','77315225','M','BRANCO','O+','AMERICANO','1982-12-30','NDA','21'),
('LYNILDES CARAPUNFADA DORES FÍGADO','54985027687','84232332','M','MESTIÇO','O-','AMERICANO','1982-12-31','NDA','22'),
('MAGNÉSIA BISURADA DO PATROCÍNIO','69538244007','70956803','M','PARDO','O-','AMERICANO','1982-12-25','NDA','23'),
('MANGANÊS MANGANÉSFERO NACIONAL','52576326078','76676343','M','NEGRO','O+','AMERICANO','1954-11-29','NDA','24'),
('MANOLO PORRAS Y PORRAS','37225282869','40249756','F','AMARELO','O-','AMERICANO','1982-03-09','NDA','25'),
('MANOEL DE HORA PONTUAL','29726186923','50041187','F','BRANCO','O+','AMERICANO','1982-12-30','NDA','26'),
('ANTÔNIO MORRENDO DAS DORES','64728426256','67858129','F','BRANCO','O+','COREANO','1982-12-31','CAOLHO','27'),
('ANTONIO NOITES E DIAS','89550235843','97174858','F','MESTIÇO','O-','COREANO','1982-12-25','COTÓ','28'),
('ANTÔNIO P. TESTA','17947467803','41545485','F','PARDO','O-','COREANO','1954-11-29','MANCO','29'),
('ANTONIO PECHINCHA','20745732954','95340702','F','NEGRO','AB+','COREANO','1982-03-09','FANHO','30'),
('ANTÔNIO QUERIDO FRACASSO','88654571629','32048329','F','AMARELO','AB-','COREANO','1982-12-30','CEGO','31'),
('ANTÔNIO UM DE JUNHO DE MIL NOVECENTOS E DOIS','69416505186','88284788','F','BRANCO','A-','COREANO','1982-12-31','MUDO','32'),
('ANTÔNIO VEADO PREMATURO','83215482420','82963404','F','MESTIÇO','A+','COREANO','1982-12-25','SURDO','33'),
('APURINÃ DA FLORESTA BRASILEIRA','32888449810','93137068','F','PARDO','A-','COREANO','1954-11-29','NDA','34'),
('ARACI DO PRECIOSO SANGUE','72879449725','63187248','F','NEGRO','AB-','AMERICANO','1982-03-09','NDA','35'),
('ARGENTINO ARGENTA','58628066535','59754846','F','AMARELO','A-','COREANO','1982-12-30','NDA','36'),
('ARICLÉIA CAFÉ CHÁ','21660499006','39417341','F','BRANCO','A+','COREANO','1982-12-31','NDA','37'),
('ARMANDO NASCIMENTO DE JESUS','61771396389','82208130','F','BRANCO','A-','AMERICANO','1982-12-25','CAOLHO','38'),
('ARQUITECLÍNIO PETROCOQUÍNIO DE ANDRADE','50237646444','42222058','F','MESTIÇO','A+','BRASILEIRO','1954-11-29','COTÓ','39'),
('ASTERÓIDE SILVERIO','47668064694','45800874','F','PARDO','A-','AMERICANO','1982-03-09','MANCO','40'),
('AVA GINA','78476478178','81030046','F','NEGRO','AB-','BRASILEIRO','1982-12-30','FANHO','41'),
('BANANÉIA OLIVEIRA DE DEUS','63643114951','62917191','F','AMARELO','A-','BRASILEIRO','1982-12-31','CEGO','42'),
('BANDEIRANTE DO BRASIL PAULISTANO','58219232752','99199790','F','AMARELO','O+','BRASILEIRO','1982-12-25','MUDO','43'),
('BARRIGUDINHA SELEIDA','52906223494','41347723','F','BRANCO','O+','BRASILEIRO','1954-11-29','SURDO','44'),
('BENDE SANDE BRANQUINHO MARACAJÁ','41477369474','41042663','M','MESTIÇO','O+','BRASILEIRO','1982-03-09','NDA','45'),
('BENEDITO AUTOR DA PURIFICAÇÃO','48452975229','27050019','M','PARDO','O-','BRASILEIRO','1982-12-30','NDA','46'),
('BENEDITO CAMURÇA AVELUDADO','49151989018','19902843','M','NEGRO','O+','BRASILEIRO','1982-12-31','NDA','47'),
('BENEDITO FRÔSCOLO DE AIMBARÉ MILITÃO DE SOUZA','10999872880','60753565','M','AMARELO','O+','CUBANO','1982-12-25','NDA','48'),
('BARUEL DE ITAPARICA BORÉ FOMI DE TUCUNDUVÁ','33730979176','99109387','M','BRANCO','O-','CUBANO','1954-11-29','NDA','49'),
('BENIGNA JARRA','94294597472','54282237','M','BRANCO','O-','AMERICANO','1982-03-09','NDA','50'),
('BENVINDO VIOLA','93241926997','50096818','M','MESTIÇO','O+','AMERICANO','1982-12-30','NDA','51'),
('BISPO DE PARIS','64557901445','31231540','M','PARDO','O-','AMERICANO','1982-12-31','NDA','52'),
('BIZARRO ASSADA','94943870746','80148488','M','NEGRO','O+','AMERICANO','1982-12-25','NDA','53'),
('BOAVENTURA TORRADA','99468987113','72015909','M','AMARELO','O+','AMERICANO','1954-11-29','NDA','54'),
('BOM FILHO PERSEGONHA','16641020477','52704929','M','AMARELO','O-','AMERICANO','1982-03-09','NDA','55'),
('BRANDAMENTE BRASIL','55211912096','97495568','M','BRANCO','O-','AMERICANO','1982-12-30','CAOLHO','56'),
('BRASIL WASHINGTON C. A. JÚNIOR','73542384958','59784304','M','MESTIÇO','AB+','AMERICANO','1982-12-31','COTÓ','57'),
('BRÍGIDA DE SAMORA MORA','76276567734','44646341','M','PARDO','AB-','COREANO','1982-12-25','MANCO','58'),
('BELDERAGAS PIRUÉGAS DE','48617262620','74377666','M','NEGRO','A-','COREANO','1954-11-29','FANHO','59'),
('ALFIM CERQUEIRA BORGES CABRAL','69580985507','71586406','M','AMARELO','A+','COREANO','1982-03-09','CEGO','60'),
('TILDES GANSO MAGRO','96512746710','11725757','M','BRANCO','A-','COREANO','1982-12-30','MUDO','61'),
('CAFIASPIRINA CRUZ','11433752400','19772832','M','BRANCO','AB-','COREANO','1982-12-31','SURDO','62'),
('CAPOTE VALENTE E MARIMBONDO DA TRINDADE','38434958433','22778439','M','MESTIÇO','A-','COREANO','1982-12-25','NDA','63'),
('CAIUS MARCIUS AFRICANUS','90952841166','75159435','F','PARDO','A+','COREANO','1954-11-29','NDA','64'),
('CARABINO TIRO CERTO','37604926793','22681148','F','NEGRO','A-','COREANO','1982-03-09','NDA','65'),
('CARLOS ALBERTO SANTÍSSIMO SACRAMENTO','64180290042','46459409','F','AMARELO','A+','AMERICANO','1982-12-30','NDA','66'),
('CANTINHO DA VILA ALENCAR DA CORTE REAL SAMPAIO','63452357038','25620793','F','AMARELO','A-','AMERICANO','1982-12-31','NDA','67'),
('CARNEIRO DE SOUZA E FARO','12834341431','23157234','F','BRANCO','AB-','AMERICANO','1982-12-25','CAOLHO','68'),
('CASO RARO YAMADA','18157934468','99181342','F','MESTIÇO','A-','AMERICANO','1954-11-29','COTÓ','69'),
('CÉU AZUL DO SOL POENTE','22811530284','15669282','F','PARDO','O+','AMERICANO','1982-03-09','MANCO','70'),
('CHANANECO VARGAS DA SILVA','88950631135','73847861','F','NEGRO','O-','AMERICANO','1982-12-30','FANHO','71'),
('CHEVROLET DA SILVA FORD','46370238127','86638005','F','AMARELO','O-','COREANO','1982-12-31','CEGO','72'),
('CINCERO DO NASCIMENTO','83683751071','21543057','F','BRANCO','AB+','COREANO','1982-12-25','MUDO','73'),
('CINCONEGUE WASHINGTON MATOS','49723808377','36921224','F','BRANCO','AB-','COREANO','1954-11-29','SURDO','74'),
('CLARISBADEU BRAZ DA SILVA','48719795526','71702648','F','MESTIÇO','A-','BRASILEIRO','1982-03-09','NDA','75'),
('COLAPSO CARDÍACO DA SILVA','48838471232','33251103','F','PARDO','A+','BRASILEIRO','1982-12-30','NDA','76'),
('COMIGO É NOVE NA GARRUCHA TROUXADA','13804347547','15474129','F','NEGRO','A-','BRASILEIRO','1982-12-31','NDA','77'),
('CONFESSOURA DORNELLES','81134391969','33430335','F','AMARELO','AB-','BRASILEIRO','1982-12-25','NDA','78'),
('CRISOPRASSO COMPASSO','74407807841','32383642','F','AMARELO','A-','BRASILEIRO','1954-11-29','CAOLHO','79'),
('DANÚBIO TARADA DUARTE','25323682837','24789424','F','BRANCO','A+','BRASILEIRO','1982-03-09','COTÓ','80'),
('DARCÍLIA ABRAÇOS','52833428112','33738920','F','MESTIÇO','A-','BRASILEIRO','1982-12-30','MANCO','81'),
('CARVALHO SANTINHO','42443966163','56244940','F','PARDO','A+','BRASILEIRO','1982-12-31','FANHO','82'),
('DEUS MAGDA SILVA','35706534202','62017719','M','NEGRO','A-','BRASILEIRO','1982-12-25','CEGO','83'),
('DEUS É INFINITAMENTE MISERICORDIOSO','70086437537','24394498','M','AMARELO','AB-','BRASILEIRO','1954-11-29','MUDO','84'),
('DEUSARINA VENUS DE MILO','45339588675','59285677','M','BRANCO','A-','BRASILEIRO','1982-03-09','SURDO','85'),
('DEZÊNCIO FEVERÊNCIO DE OITENTA E CINCO','86835400093','56398982','M','BRANCO','O+','BRASILEIRO','1982-12-30','NDA','86'),
('DIGNATARIO DA ORDEM IMPERIAL DO CRUZEIRO','56976994032','36009917','M','MESTIÇO','O+','BRASILEIRO','1982-12-31','NDA','87'),
('DILKE DE LA ROQUE PINHO','24540402763','65591779','M','PARDO','O-','BRASILEIRO','1982-12-25','NDA','88'),
('DISNEY CHAPLIN MILHOMEM DE SOUZA','55664658504','69911528','M','NEGRO','O-','BRASILEIRO','1954-11-29','NDA','89'),
('DOLORES FUERTES DE BARRIGA','69114522061','89009781','M','AMARELO','O+','BRASILEIRO','1982-03-09','NDA','90'),
('DOSOLINA PIROCA TAZINASSO','11631370150','75525921','M','AMARELO','O-','BRASILEIRO','1982-12-30','NDA','91'),
('DRÁGICA BROKO','57704195098','43188505','M','BRANCO','O+','BRASILEIRO','1982-12-31','CAOLHO','92'),
('ERNESTO SEGUNDO DA FAMÍLIA LIMA','51295444685','76078675','M','MESTIÇO','O+','BRASILEIRO','1982-12-25','COTÓ','93'),
('ESDRAS ESDRON EUSTAQUIO OBIRAPITANGA','96280988073','54798321','M','PARDO','O-','BRASILEIRO','1954-11-29','MANCO','94'),
('ESPARADRAPO CLEMENTE DE SÁ','13514594555','31905297','M','NEGRO','O-','BRASILEIRO','1982-03-09','FANHO','95'),
('ESPERE EM DEUS MATEUS','94892558074','49270799','M','AMARELO','AB+','BRASILEIRO','1982-03-09','CEGO','96'),
('ESTÁCIO PONTA FINA AMOLADOR','58188420440','71591931','M','BRANCO','AB-','BRASILEIRO','1982-12-30','MUDO','97'),
('ÉTER SULFÚRICO AMAZONINO RIOS','43897076649','66121620','M','BRANCO','A-','BRASILEIRO','1982-12-31','SURDO','98'),
('EXCELSA TERESINHA DO MENINO JESUS E SILVA','87466130665','66759689','M','MESTIÇO','A+','BRASILEIRO','1982-12-25','NDA','99'),
('FARAÓ DO EGITO SOUSA','51315804264','31241073','M','PARDO','A-','BRASILEIRO','1954-11-29','NDA','100');

--
INSERT INTO `genpen`.`cela` (`id`,`capacidade`,`cubagem`,`area`,`diametro`,`localizacao`) VALUES
('1','5','27','9','12','PAVILHAO A'),
('2','5','27','9','12','PAVILHAO A'),
('3','5','27','9','12','PAVILHAO A'),
('4','5','27','9','12','PAVILHAO A'),
('5','10','36','16','24','PAVILHAO B'),
('6','10','36','16','24','PAVILHAO B'),
('7','10','36','16','24','PAVILHAO B'),
('8','10','36','16','24','PAVILHAO B'),
('9','15','42','24','36','PAVILHAO C'),
('10','15','42','24','36','PAVILHAO C');

--
INSERT INTO `genpen`.`cela_has_preso` (`id_cela`,`id_preso`,`data_entrada`) VALUES
('2','1','2013-03-18'),
('5','2','2013-04-18'),
('9','3','2013-04-18'),
('5','4','2013-04-18'),
('4','5','2013-03-18'),
('2','6','2013-03-18'),
('2','7','2013-03-18'),
('5','8','2013-04-18'),
('3','9','2013-03-18'),
('7','10','2013-04-18'),
('2','11','2013-03-18'),
('6','12','2013-04-18'),
('1','13','2013-03-18'),
('7','14','2013-04-18'),
('1','15','2013-03-18'),
('8','16','2013-04-18'),
('9','17','2013-04-18'),
('9','18','2013-04-18'),
('5','19','2013-04-18'),
('7','20','2013-04-18'),
('3','21','2013-03-18'),
('9','22','2013-04-18'),
('1','23','2013-03-18'),
('3','24','2013-03-18'),
('3','25','2013-03-18'),
('6','26','2013-04-18'),
('10','27','2013-04-18'),
('3','28','2013-03-18'),
('2','29','2013-03-18'),
('8','30','2013-04-18'),
('6','31','2013-04-18'),
('6','32','2013-04-18'),
('10','33','2013-04-18'),
('10','34','2013-04-18'),
('9','35','2013-04-18'),
('6','36','2013-04-18'),
('7','37','2013-04-18'),
('8','38','2013-04-18'),
('3','39','2013-03-18'),
('8','40','2013-04-18'),
('2','41','2013-03-18'),
('4','42','2013-03-18'),
('6','43','2013-04-18'),
('9','44','2013-04-18'),
('9','45','2013-04-18'),
('3','46','2013-03-18'),
('9','47','2013-04-18'),
('10','48','2013-04-18'),
('4','49','2013-03-18'),
('6','50','2013-04-18'),
('7','51','2013-04-18'),
('5','52','2013-04-18'),
('9','53','2013-04-18'),
('8','54','2013-04-18'),
('1','55','2013-03-18'),
('6','56','2013-04-18'),
('3','57','2013-03-18'),
('5','58','2013-04-18'),
('8','59','2013-04-18'),
('3','60','2013-03-18'),
('8','61','2013-04-18'),
('10','62','2013-04-18'),
('7','63','2013-04-18'),
('6','64','2013-04-18'),
('6','65','2013-04-18'),
('7','66','2013-04-18'),
('2','67','2013-03-18'),
('9','68','2013-04-18'),
('3','69','2013-03-18'),
('9','70','2013-04-18'),
('3','71','2013-03-18'),
('7','72','2013-04-18'),
('4','73','2013-03-18'),
('7','74','2013-04-18'),
('1','75','2013-03-18'),
('6','76','2013-04-18'),
('7','77','2013-04-18'),
('1','78','2013-03-18'),
('5','79','2013-04-18'),
('2','80','2013-03-18'),
('7','81','2013-04-18'),
('7','82','2013-04-18'),
('2','83','2013-03-18'),
('10','84','2013-04-18'),
('4','85','2013-03-18'),
('5','86','2013-04-18'),
('3','87','2013-03-18'),
('7','88','2013-04-18'),
('10','89','2013-04-18'),
('4','90','2013-03-18'),
('1','91','2013-03-18'),
('2','92','2013-03-18'),
('7','93','2013-04-18'),
('5','94','2013-04-18'),
('1','95','2013-03-18'),
('1','96','2013-03-18'),
('4','97','2013-03-18'),
('2','98','2013-03-18'),
('4','99','2013-03-18'),
('1','100','2013-03-18');

--
INSERT INTO `genpen`.`funcionario` (`cpf`,`nome`,`data_nascimento`,`sexo`,`nome_mae`,`nome_pai`,`rg`,`nacionalidade`,`uf_nascimento`,`orgao_expeditor`,`estado_civil`,`email`,`telefone`,`naturalidade`,`id_endereco`) VALUES
('62827957954','HIMINEU CASAMENTICIO DAS DORES CONJUGAIS','1963-11-28','M','SIMPLÍCIO SIMPLÓRIO DA SIMPLICIDADE SIMPLES','WANSLÍVIA HEITOR DE PAULA','60142014','BRASILEIRO','GO','SSP','DIVORCIADA','email@ufrpe.br','8133309896','TAPANÃ','102'),
('47504388676','HOLOFONTINA FUFUCAS','1945-12-08','M','ADALGAMIR MARGE','ZÉLIA TOCAFUNDO PINTO','95672579','VENEZUELANO','AM','SDS','SOLTEIRA','email@ufrpe.br','8133309897','TENONÉ','103'),
('27468121185','HOMEM BOM DA CUNHA SOUTO MAIOR','1965-01-13','M','TELESFORO VERAS','SORAIADITE DAS DUAS A PRIMEIRA','63923949','PORTUGUÊS','PE','SDS','CASADO','email@ufrpe.br','8133309898','MARACACUERA','104'),
('69033731855','HORINANDO PEDROSO RAMOS','1944-04-28','M','TROPICÃO DE ALMEIDA','VENEZA AMERICANA DO RECIFE','67084450','AFRICANO','PB','SSP','SOLTEIRO','email@ufrpe.br','8133309899','GUAMÁ','105'),
('86632143621','HUGO MADEIRA DE LEI AROEIRO','1932-03-09','M','ÚLTIMA DELÍCIA DO CASAL CARVALHO','VITÓRIA CARNE E OSSO','25782093','COREANO','AM','SDS','SOLTEIRO','email@ufrpe.br','8133309900','JABATITEUA','106'),
('41662816924','HYPOTENUSA PEREIRA','1922-11-28','F','ÚLTIMO VAQUEIRO','VIVELINDA CABRITA','75139544','INGLÊS','MG','SSP','CASADA','email@ufrpe.br','8133309901','BENGUI','107'),
('84201146356','ILEGÍVEL INILEGÍVEL','1963-12-23','M','UM DOIS TRÊS DE OLIVEIRA QUATRO','ACHEROPITA PAPAZONE','28116268','BRASILEIRO','PE','SSP','CASADO','email@ufrpe.br','8133309902','VAL DE CANS','108'),
('94378597980','INOCÊNCIO COITADINHO','1914-11-28','M','UM MESMO DE ALMEIDA','BARRIGUDINHA SELEIDA','99607138','VENEZUELANO','PE','SSP','CASADO','email@ufrpe.br','8133309903','MARACANGALHA','109'),
('76103981997','ISABEL DEFENSORA DE JESUS','1987-02-19','F','UNIVERSO CÂNDIDO','BENDE SANDE BRANQUINHO MARACAJÁ','16014331','PORTUGUÊS','PE','SSP','CASADA','email@ufrpe.br','8133309904','CABANAGEM','110'),
('85878604170','IZABEL RAINHA DE PORTUGAL','1963-05-28','F','VALDIR TIRADO GROSSO','ADORAÇÃO ARABITES','46371225','AFRICANO','PB','SDS','SOLTEIRA','email@ufrpe.br','8133309905','SIDERAL','111'),
('37548481044','JANEIRO FEVEREIRO DE MARÇO ABRIL','1960-01-28','M','ADEGESTO PATACA','MARIA DA MESMA DATA','98306468','COREANO','RN','SDS','SOLTEIRO','email@ufrpe.br','8133309906','ITAITEUA','112'),
('55523994490','JOÃO BISPO DE ROMA','1963-11-28','M','VICENTE MAIS OU MENOS DE SOUZA','AGRÍCOLA BETERRABA AREIA','89699716','INGLÊS','RN','SDS','DIVORCIADO','email@ufrpe.br','8133309907','PARACURI','113'),
('76277588201','JOÃO CARA DE JOSÉ','1970-12-15','M','AGRÍCOLA DA TERRA FONSECA','AGRÍCOLA DA TERRA FONSECA','20616356','BRASILEIRO','RN','SDS','SOLTEIRO','email@ufrpe.br','8133309908','TERRA FIRME','114'),
('17668830769','JOÃO CÓLICA','1963-06-23','M','VITIMADO JOSÉ DE ARAÚJO','ALCE BARBUDA','29869049','VENEZUELANO','RN','SDS','CASADO','email@ufrpe.br','8133309909','ICOARACI','115'),
('37200196370','VITIMADO JOSÉ DE ARAÚJO','1965-05-28','M','VITOR HUGO TOCAGAITA','ALDEGUNDA CARAMES MORE','36299795','PORTUGUÊS','PE','SDS','CASADO','email@ufrpe.br','8133309910','CÚRIO-UTINGA','116'),
('17353246017','JOÃO DE DEUS FUNDADOR DO COLTO','1955-12-13','M','AERONAUTA BARATA','ALELUIA SARANGO','14774868','AFRICANO','MG','SDS','VIÚVO','email@ufrpe.br','8133309911','BARREIRO','117'),
('44617607648','JOÃO MEIAS DE GOLVEIAS','1934-01-20','M','VOLTAIRE REBELADO DE FRANÇA','AMADA AMOROSA','24348820','COREANO','MG','SSP','CASADO','email@ufrpe.br','8133309912','PRATINHA','118'),
('75909483069','JOÃO PENSA BEM','1921-12-27','M','AMADO AMOROSO','ALMA DE VERA','18459010','INGLÊS','AM','SSP','CASADO','email@ufrpe.br','8133309913','MARAHU','119'),
('58949669856','JOÃO SEM SOBRENOME','1912-03-28','M','AMÁVEL PINTO','BENEDITA AUTOR DA PURIFICAÇÃO','23288841','BRASILEIRO','AM','SDS','CASADO','email@ufrpe.br','8133309914','ARIRAMBA','120'),
('74038639308','SEBASTIÃO SALGADO DOCE','1990-10-24','M','ALFREDO PRAZEIROZO TEXUGUEIRO','BENEDITA CAMURÇA AVELUDADO','19822327','VENEZUELANO','AM','SSP','CASADO','email@ufrpe.br','8133309915','MURUBIRA','121');

--
INSERT INTO `genpen`.`dados_funcionais` (`id_funcionario`,`matricula`,`cargo`,`data_ingresso`,`situacao`,`horario_expediente`,`orgao_vinculado`,`setor`) VALUES
('1','9506530','CARCEREIRO','1990-11-28','ATIVO','8H00-18H00','SDS','PAVILHAO A'),
('2','1030257','CARCEREIRO','1990-11-28','ATIVO','8H00-18H00','SDS','PAVILHAO A'),
('3','8025934','CARCEREIRO','1990-11-28','ATIVO','8H00-18H00','SDS','PAVILHAO A'),
('4','5422733','CARCEREIRO','1990-11-28','ATIVO','8H00-18H00','SDS','PAVILHAO A'),
('5','1995721','CARCEREIRO','1990-11-28','ATIVO','8H00-18H00','SDS','PAVILHAO B'),
('6','5313616','CARCEREIRO','1991-11-28','ATIVO','8H00-18H00','SDS','PAVILHAO B'),
('7','8885562','CARCEREIRO','1991-11-28','ATIVO','8H00-18H00','SDS','PAVILHAO C'),
('8','1786804','CARCEREIRO','1991-11-28','ATIVO','8H00-18H00','SDS','PAVILHAO B'),
('9','7255275','CARCEREIRO','1992-11-28','ATIVO','8H00-18H00','SDS','PAVILHAO C'),
('10','6179897','VIGILANTE','1990-11-28','ATIVO','8H00-18H00','SDS','REFEITORIO'),
('11','1319543','MEDICO','1990-11-28','ATIVO','8H00-18H00','SDS','ENFERMARIA'),
('12','9464707','ALMOXARIFE','1990-11-28','ATIVO','8H00-18H00','SDS','ALMOXARIFADO'),
('13','4180696','LAVADEIRA','1990-11-28','ATIVO','8H00-18H00','SDS','LAVANDERIA'),
('14','1337737','SECRETARIO','1990-11-28','ATIVO','8H00-18H00','SDS','RECEPCAO'),
('15','3168249','SECRETARIO','1990-11-28','ATIVO','8H00-18H00','SDS','RECEPCAO'),
('16','5852986','SECRETARIO','1992-11-28','ATIVO','8H00-18H00','SDS','RECEPCAO'),
('17','0318815','DIGITADOR','1990-11-28','ATIVO','8H00-18H00','SDS','RECEPCAO'),
('18','8883099','DIGITADOR','1990-11-28','ATIVO','8H00-18H00','SDS','RECEPCAO'),
('19','2871638','CARCEREIRO','1990-11-28','ATIVO','8H00-18H00','SDS','ENTRADA'),
('20','4500900','PROFESSOR','1990-11-28','ATIVO','8H00-18H00','SDS','ESCOLA');

--
INSERT INTO `genpen`.`advogado` (`registro_oab`,`uf_oab`,`nome`,`tipo`) VALUES
('1911381','PE','CAFIASPIRINA CRUZ','PUBLICO'),
('3542620','PE','CAPOTE VALENTE E MARIMBONDO DA TRINDADE','PUBLICO'),
('5116218','PE','CAIUS MARCIUS AFRICANUS','PUBLICO'),
('5299685','PE','CARABINO TIRO CERTO','PUBLICO'),
('4607965','MG','CARLOS ALBERTO SANTÍSSIMO SACRAMENTO','PRIVADO'),
('6282396','MG','CANTINHO DA VILA ALENCAR DA CORTE REAL SAMPAIO','PRIVADO'),
('2842673','MG','CARNEIRO DE SOUZA E FARO','PRIVADO'),
('8138136','MG','CASO RARO YAMADA','PRIVADO'),
('8734116','MG','CÉU AZUL DO SOL POENTE','PRIVADO'),
('6248310','PB','CHANANECO VARGAS DA SILVA','PRIVADO'),
('5931955','PB','CHEVROLET DA SILVA FORD','PUBLICO'),
('9165089','SC','CINCERO DO NASCIMENTO','PRIVADO'),
('2606183','SC','CINCONEGUE WASHINGTON MATOS','PUBLICO'),
('1963680','SC','CLARISBADEU BRAZ DA SILVA','PRIVADO'),
('8746678','RN','COLAPSO CARDÍACO DA SILVA','PRIVADO'),
('3876141','RN','COMIGO É NOVE NA GARRUCHA TROUXADA','PUBLICO'),
('1331279','AM','CONFESSOURA DORNELLES','PRIVADO'),
('1759963','AL','CRISOPRASSO COMPASSO','PUBLICO'),
('3750447','AL','DANÚBIO TARADA DUARTE','PUBLICO'),
('2755060','AL','FEDOR RENTO SILVA','PUBLICO');

--
INSERT INTO `genpen`.`preso_has_advogado` (`id_preso`,`id_advogado`) VALUES
('1','5299685'),
('2','3542620'),
('3','3542620'),
('4','3542620'),
('5','3542620'),
('6','5116218'),
('7','5116218'),
('8','5299685'),
('9','5116218'),
('10','5116218'),
('11','5116218'),
('12','4607965'),
('13','4607965'),
('14','4607965'),
('15','4607965'),
('16','4607965'),
('17','4607965'),
('18','4607965'),
('19','4607965'),
('20','6282396'),
('21','6282396'),
('22','6282396'),
('23','6282396'),
('24','6282396'),
('25','6282396'),
('26','2842673'),
('27','2842673'),
('28','2842673'),
('29','2842673'),
('30','8138136'),
('31','8138136'),
('32','8138136'),
('33','8138136'),
('34','8138136'),
('35','8138136'),
('36','8138136'),
('37','8138136'),
('38','8138136'),
('39','8734116'),
('40','8734116'),
('41','8734116'),
('42','8734116'),
('43','8734116'),
('44','8734116'),
('45','8734116'),
('46','8734116'),
('47','8734116'),
('48','8734116'),
('49','6248310'),
('50','6248310'),
('51','6248310'),
('52','6248310'),
('53','6248310'),
('54','6248310'),
('55','6248310'),
('56','6248310'),
('57','6248310'),
('58','5931955'),
('59','5931955'),
('60','5931955'),
('61','5931955'),
('62','5931955'),
('63','5931955'),
('64','5931955'),
('65','9165089'),
('66','9165089'),
('67','9165089'),
('68','9165089'),
('69','9165089'),
('70','9165089'),
('71','9165089'),
('72','8746678'),
('73','2606183'),
('74','2606183'),
('75','2606183'),
('76','2606183'),
('77','2606183'),
('78','2606183'),
('79','1963680'),
('80','1963680'),
('81','1963680'),
('82','1963680'),
('83','1963680'),
('84','8746678'),
('85','8746678'),
('86','8746678'),
('87','8746678'),
('88','8746678'),
('89','8746678'),
('90','8746678'),
('91','8746678'),
('92','8746678'),
('93','8746678'),
('94','3876141'),
('95','3876141'),
('96','3876141'),
('97','8746678'),
('98','3876141'),
('99','3876141'),
('100','3876141'),
('55','3876141'),
('25','3876141'),
('97','3876141'),
('76','3876141'),
('49','3876141'),
('3','3876141'),
('72','1331279'),
('67','1331279'),
('37','1331279'),
('77','1331279'),
('72','3876141'),
('93','1331279'),
('26','1331279'),
('54','1331279'),
('8','1331279'),
('56','1331279'),
('41','1331279'),
('6','1331279'),
('64','1331279'),
('48','1331279'),
('38','1331279'),
('15','1759963'),
('51','1759963'),
('92','1759963'),
('55','1759963'),
('74','1759963'),
('38','1759963'),
('62','1759963'),
('26','1759963'),
('96','3750447'),
('7','3750447'),
('72','3750447'),
('29','3750447'),
('20','3750447'),
('48','3750447'),
('65','3750447'),
('57','3750447'),
('24','3750447'),
('71','3750447'),
('96','2755060'),
('29','2755060'),
('19','2755060'),
('31','2755060'),
('8','1759963'),
('5','2755060'),
('74','2755060'),
('81','2755060'),
('53','2755060'),
('27','2755060'),
('8','2755060');

--
INSERT INTO `genpen`.`crime` (`artigo`,`paragrafo`,`pena`) VALUES
('121','6','9576'),
('122','1','3197'),
('123','1','9890'),
('124','2','9176'),
('125','8','8111'),
('126','8','3919'),
('127','7','2437'),
('128','10','7911'),
('129','2','8206'),
('130','1','10050'),
('131','10','9373'),
('132','9','8785'),
('133','5','1334'),
('134','5','8444'),
('135','4','2237'),
('136','3','10826'),
('137','9','10055'),
('138','10','597'),
('139','6','1030'),
('140','3','1471');


--
INSERT INTO `genpen`.`prontuario` (`alcunha`,`regime`,`id_preso`) VALUES
('PORPETA','FECHADO','1'),
('GENERAL','FECHADO','2'),
('BOSS','FECHADO','3'),
('SUINA','FECHADO','4'),
('BOTIJÃO ESFIHA PORCA','FECHADO','5'),
('HAGRID','FECHADO','6'),
('CARA DE AZUL','FECHADO','7'),
('SR. MOCHILA','FECHADO','8'),
('MINA DE DIREITO','FECHADO','9'),
('INDIAZINHA','FECHADO','10'),
('VESGUINHA MINA DE ROXO','FECHADO','11'),
('ROBOCOP','FECHADO','12'),
('THE KILLERS','FECHADO','13'),
('SIMPSONS','FECHADO','14'),
('PLANO B','FECHADO','15'),
('PANDINHA','FECHADO','16'),
('PANDA','FECHADO','17'),
('RICHARLYSON','FECHADO','18'),
('CARA DO EXÉRCITO','FECHADO','19'),
('EDMUNDO','FECHADO','20'),
('RÃ','FECHADO','21'),
('SACO DE PÃO','FECHADO','22'),
('RUIVINHA','SEMIABERTO','23'),
('ZEUS ZIRALDO','SEMIABERTO','24'),
('A INDIE','SEMIABERTO','25'),
('PRÊMIO NOBEL','SEMIABERTO','26'),
('ESQUILINHO (RATINHO DE ELITE)','SEMIABERTO','27'),
('O MANO','FECHADO','28'),
('FERRARI','FECHADO','29'),
('LAMBORGHINI','FECHADO','30'),
('TÁ CERTO','FECHADO','31'),
('MINA DA PLACA','FECHADO','32'),
('PREGUICINHA','FECHADO','33'),
('ZUMBI','FECHADO','34'),
('POKÉBOLA','FECHADO','35'),
('YO!','FECHADO','36'),
('PATROPI','FECHADO','37'),
('SÃO PAULINA','FECHADO','38'),
('KURT COBAIN','FECHADO','39'),
('AMELIE POULAIN','FECHADO','40'),
('IRMÃO DO ANDRÉ','FECHADO','41'),
('CHAVEIRINHO','FECHADO','42'),
('AMY WINEHOUSE','FECHADO','43'),
('ZACARIAS','FECHADO','44'),
('MINA DA MATRÍCULA','FECHADO','45'),
('LONG HAIR','FECHADO','46'),
('GARDENAL','FECHADO','47'),
('GIRAFINHA','FECHADO','48'),
('MECÂNICA','SEMIABERTO','49'),
('CINTO','SEMIABERTO','50'),
('BOUNCING','FECHADO','51'),
('MELQUÍADES POWERPOINT','SEMIABERTO','52'),
('GREVE DE FOME','SEMIABERTO','53'),
('MATADOR','SEMIABERTO','54'),
('CALÇA LARGA','FECHADO','55'),
('RATÃO','FECHADO','56'),
('SUJIRMUNDO','FECHADO','57'),
('PÉ DE CHUMBO','FECHADO','58'),
('TORCE PESCOÇO','FECHADO','59'),
('PERCOSSO','FECHADO','60'),
('URUBU','FECHADO','61'),
('CHUPA CABRA','FECHADO','62'),
('JACK','FECHADO','63'),
('TRITURADOR','FECHADO','64'),
('ABIGOBAL','FECHADO','65'),
('SECÃO','FECHADO','66'),
('TAMPINHA','FECHADO','67'),
('ZÉ DA BALA','FECHADO','68'),
('TIRO TIRO','FECHADO','69'),
('ZECA DO FOICE','FECHADO','70'),
('ZÉ DO FACÃO','FECHADO','71'),
('CORTA TRIPA','SEMIABERTO','72'),
('PARTITUDO','SEMIABERTO','73'),
('MATEMÁTICO','SEMIABERTO','74'),
('MARCELO PILOTO','SEMIABERTO','75'),
('JUQUINHA','SEMIABERTO','76'),
('BOMBA','SEMIABERTO','77'),
('TERRORISTA','SEMIABERTO','78'),
('LAMPIÃO','SEMIABERTO','79'),
('GABIRU','SEMIABERTO','80'),
('QUEBRA TESTA','SEMIABERTO','81'),
('SOCO DUMBIGO','FECHADO','82'),
('JÁMORREU','FECHADO','83'),
('TORABRAÇO','FECHADO','84'),
('CANIBAL','FECHADO','85'),
('CHAPADÃO','FECHADO','86'),
('CAMELO','FECHADO','87'),
('PRAÇA','FECHADO','88'),
('JOÃO AFIADO','FECHADO','89'),
('PC','SEMIABERTO','90'),
('AK','SEMIABERTO','91'),
('METRALHA','FECHADO','92'),
('ZECA PIMENTEIRA','FECHADO','93'),
('PIOLHO','FECHADO','94'),
('XAROPINHO','FECHADO','95'),
('SAPO DA LAGOA','FECHADO','96'),
('BUCHO DE EGUA','FECHADO','97'),
('VELUDO','FECHADO','98'),
('JUNINHO CAGAO','FECHADO','99'),
('ABELHA','FECHADO','100');

--
INSERT INTO `genpen`.`prontuario_has_crime` (`id_prontuario`,`id_crime`) VALUES
('1','10'),
('2','16'),
('3','11'),
('4','15'),
('5','3'),
('6','8'),
('7','18'),
('8','18'),
('9','18'),
('10','20'),
('11','7'),
('12','18'),
('13','1'),
('14','19'),
('15','5'),
('16','20'),
('17','9'),
('18','5'),
('19','2'),
('20','3'),
('21','18'),
('22','8'),
('23','2'),
('24','11'),
('25','16'),
('26','12'),
('27','16'),
('28','3'),
('29','5'),
('30','18'),
('31','18'),
('32','15'),
('33','9'),
('34','18'),
('35','1'),
('36','12'),
('37','1'),
('38','7'),
('39','14'),
('40','16'),
('41','7'),
('42','2'),
('43','18'),
('44','19'),
('45','19'),
('46','13'),
('47','20'),
('48','15'),
('49','7'),
('50','5'),
('51','18'),
('52','20'),
('53','14'),
('54','6'),
('55','20'),
('56','16'),
('57','15'),
('58','18'),
('59','9'),
('60','18'),
('61','1'),
('62','20'),
('63','13'),
('64','13'),
('65','5'),
('66','5'),
('67','15'),
('68','19'),
('69','8'),
('70','4'),
('71','1'),
('72','4'),
('73','12'),
('74','1'),
('75','7'),
('76','10'),
('77','16'),
('78','5'),
('79','9'),
('80','14'),
('81','16'),
('82','14'),
('83','4'),
('84','19'),
('85','11'),
('86','6'),
('87','6'),
('88','5'),
('89','13'),
('90','11'),
('91','18'),
('92','5'),
('93','13'),
('94','12'),
('95','12'),
('96','6'),
('97','10'),
('98','1'),
('99','13'),
('100','12'),
('8','1'),
('92','13'),
('25','18'),
('18','18'),
('74','20'),
('92','1'),
('33','3'),
('38','9'),
('39','12'),
('83','8'),
('18','7'),
('1','4'),
('71','17'),
('44','15'),
('91','4'),
('38','19'),
('78','10'),
('80','18'),
('37','4'),
('52','14'),
('40','14'),
('77','7'),
('11','12'),
('18','10'),
('2','13'),
('93','14'),
('2','4'),
('52','1'),
('15','15'),
('71','20'),
('69','18'),
('64','18'),
('31','19'),
('27','17'),
('10','4'),
('17','2'),
('83','13'),
('5','6'),
('10','18'),
('87','7'),
('43','12'),
('63','12'),
('77','12'),
('87','12'),
('26','13'),
('40','12'),
('32','12'),
('15','12'),
('86','12'),
('20','12');

--
INSERT INTO `genpen`.`pena` (`id_preso`,`data_entrada`) VALUES
('1','1990-12-30'),
('2','1990-12-31'),
('3','1990-12-25'),
('4','1988-11-29'),
('5','1990-03-09'),
('6','1990-12-30'),
('7','1990-12-31'),
('8','1990-12-25'),
('9','1988-11-29'),
('10','1990-03-09'),
('11','1990-12-30'),
('12','1990-12-31'),
('13','1990-12-25'),
('14','1988-11-29'),
('15','1990-03-09'),
('16','1990-12-30'),
('17','1990-12-31'),
('18','1990-12-25'),
('19','1988-11-29'),
('20','1990-03-09'),
('21','1990-12-30'),
('22','1990-12-31'),
('23','1990-12-25'),
('24','1988-11-29'),
('25','1990-03-09'),
('26','1990-12-30'),
('27','1990-12-31'),
('28','1990-12-25'),
('29','1988-11-29'),
('30','1990-03-09'),
('31','1990-12-30'),
('32','1990-12-31'),
('33','1990-12-25'),
('34','1988-11-29'),
('35','1990-03-09'),
('36','1990-12-30'),
('37','1990-12-31'),
('38','1990-12-25'),
('39','1988-11-29'),
('40','1990-03-09'),
('41','1990-12-30'),
('42','1990-12-31'),
('43','1990-12-25'),
('44','1988-11-29'),
('45','1990-03-09'),
('46','1990-12-30'),
('47','1990-12-31'),
('48','1990-12-25'),
('49','1988-11-29'),
('50','1990-03-09'),
('51','1990-12-30'),
('52','1990-12-31'),
('53','1990-12-25'),
('54','1988-11-29'),
('55','1990-03-09'),
('56','1990-12-30'),
('57','1990-12-31'),
('58','1990-12-25'),
('59','1988-11-29'),
('60','1990-03-09'),
('61','1990-12-30'),
('62','1990-12-31'),
('63','1990-12-25'),
('64','1988-11-29'),
('65','1990-03-09'),
('66','1990-12-30'),
('67','1990-12-31'),
('68','1990-12-25'),
('69','1988-11-29'),
('70','1990-03-09'),
('71','1990-12-30'),
('72','1990-12-31'),
('73','1990-12-25'),
('74','1988-11-29'),
('75','1990-03-09'),
('76','1990-12-30'),
('77','1990-12-31'),
('78','1990-12-25'),
('79','1988-11-29'),
('80','1990-03-09'),
('81','1990-12-30'),
('82','1990-12-31'),
('83','1990-12-25'),
('84','1988-11-29'),
('85','1990-03-09'),
('86','1990-12-30'),
('87','1990-12-31'),
('88','1990-12-25'),
('89','1988-11-29'),
('90','1990-03-09'),
('91','1990-12-30'),
('92','1990-12-31'),
('93','1990-12-25'),
('94','1988-11-29'),
('95','1990-03-09'),
('96','1990-03-09'),
('97','1990-12-30'),
('98','1990-12-31'),
('99','1990-12-25'),
('100','1988-11-29');

--
INSERT INTO `genpen`.`biometria` (`id_preso`,`dedo_e1`,`dedo_e2`,`dedo_e3`,`dedo_e4`,`dedo_e5`,`dedo_d1`,`dedo_d2`,`dedo_d3`,`dedo_d4`,`dedo_d5`) VALUES
('1','474','474','474','474','474','474','474','474','474','474'),
('2','627','627','627','627','627','627','627','627','627','627'),
('3','916','916','916','916','916','916','916','916','916','916'),
('4','658','658','658','658','658','658','658','658','658','658'),
('5','765','765','765','765','765','765','765','765','765','765'),
('6','265','265','265','265','265','265','265','265','265','265'),
('7','994','994','994','994','994','994','994','994','994','994'),
('8','108','108','108','108','108','108','108','108','108','108'),
('9','831','831','831','831','831','831','831','831','831','831'),
('10','583','583','583','583','583','583','583','583','583','583'),
('11','805','805','805','805','805','805','805','805','805','805'),
('12','679','679','679','679','679','679','679','679','679','679'),
('13','614','614','614','614','614','614','614','614','614','614'),
('14','728','728','728','728','728','728','728','728','728','728'),
('15','357','357','357','357','357','357','357','357','357','357'),
('16','348','348','348','348','348','348','348','348','348','348'),
('17','174','174','174','174','174','174','174','174','174','174'),
('18','657','657','657','657','657','657','657','657','657','657'),
('19','408','408','408','408','408','408','408','408','408','408'),
('20','849','849','849','849','849','849','849','849','849','849'),
('21','135','135','135','135','135','135','135','135','135','135'),
('22','682','682','682','682','682','682','682','682','682','682'),
('23','196','196','196','196','196','196','196','196','196','196'),
('24','369','369','369','369','369','369','369','369','369','369'),
('25','979','979','979','979','979','979','979','979','979','979'),
('26','285','285','285','285','285','285','285','285','285','285'),
('27','582','582','582','582','582','582','582','582','582','582'),
('28','831','831','831','831','831','831','831','831','831','831'),
('29','703','703','703','703','703','703','703','703','703','703'),
('30','666','666','666','666','666','666','666','666','666','666'),
('31','375','375','375','375','375','375','375','375','375','375'),
('32','127','127','127','127','127','127','127','127','127','127'),
('33','373','373','373','373','373','373','373','373','373','373'),
('34','782','782','782','782','782','782','782','782','782','782'),
('35','652','652','652','652','652','652','652','652','652','652'),
('36','109','109','109','109','109','109','109','109','109','109'),
('37','114','114','114','114','114','114','114','114','114','114'),
('38','831','831','831','831','831','831','831','831','831','831'),
('39','486','486','486','486','486','486','486','486','486','486'),
('40','966','966','966','966','966','966','966','966','966','966'),
('41','368','368','368','368','368','368','368','368','368','368'),
('42','554','554','554','554','554','554','554','554','554','554'),
('43','709','709','709','709','709','709','709','709','709','709'),
('44','852','852','852','852','852','852','852','852','852','852'),
('45','560','560','560','560','560','560','560','560','560','560'),
('46','753','753','753','753','753','753','753','753','753','753'),
('47','145','145','145','145','145','145','145','145','145','145'),
('48','433','433','433','433','433','433','433','433','433','433'),
('49','161','161','161','161','161','161','161','161','161','161'),
('50','258','258','258','258','258','258','258','258','258','258'),
('51','305','305','305','305','305','305','305','305','305','305'),
('52','803','803','803','803','803','803','803','803','803','803'),
('53','593','593','593','593','593','593','593','593','593','593'),
('54','103','103','103','103','103','103','103','103','103','103'),
('55','632','632','632','632','632','632','632','632','632','632'),
('56','101','101','101','101','101','101','101','101','101','101'),
('57','770','770','770','770','770','770','770','770','770','770'),
('58','134','134','134','134','134','134','134','134','134','134'),
('59','957','957','957','957','957','957','957','957','957','957'),
('60','342','342','342','342','342','342','342','342','342','342'),
('61','732','732','732','732','732','732','732','732','732','732'),
('62','922','922','922','922','922','922','922','922','922','922'),
('63','346','346','346','346','346','346','346','346','346','346'),
('64','309','309','309','309','309','309','309','309','309','309'),
('65','510','510','510','510','510','510','510','510','510','510'),
('66','302','302','302','302','302','302','302','302','302','302'),
('67','631','631','631','631','631','631','631','631','631','631'),
('68','433','433','433','433','433','433','433','433','433','433'),
('69','835','835','835','835','835','835','835','835','835','835'),
('70','367','367','367','367','367','367','367','367','367','367'),
('71','689','689','689','689','689','689','689','689','689','689'),
('72','718','718','718','718','718','718','718','718','718','718'),
('73','205','205','205','205','205','205','205','205','205','205'),
('74','315','315','315','315','315','315','315','315','315','315'),
('75','970','970','970','970','970','970','970','970','970','970'),
('76','586','586','586','586','586','586','586','586','586','586'),
('77','140','140','140','140','140','140','140','140','140','140'),
('78','622','622','622','622','622','622','622','622','622','622'),
('79','603','603','603','603','603','603','603','603','603','603'),
('80','687','687','687','687','687','687','687','687','687','687'),
('81','519','519','519','519','519','519','519','519','519','519'),
('82','686','686','686','686','686','686','686','686','686','686'),
('83','628','628','628','628','628','628','628','628','628','628'),
('84','560','560','560','560','560','560','560','560','560','560'),
('85','980','980','980','980','980','980','980','980','980','980'),
('86','118','118','118','118','118','118','118','118','118','118'),
('87','186','186','186','186','186','186','186','186','186','186'),
('88','409','409','409','409','409','409','409','409','409','409'),
('89','247','247','247','247','247','247','247','247','247','247'),
('90','446','446','446','446','446','446','446','446','446','446'),
('91','641','641','641','641','641','641','641','641','641','641'),
('92','818','818','818','818','818','818','818','818','818','818'),
('93','298','298','298','298','298','298','298','298','298','298'),
('94','206','206','206','206','206','206','206','206','206','206'),
('95','852','852','852','852','852','852','852','852','852','852'),
('96','805','805','805','805','805','805','805','805','805','805'),
('97','445','445','445','445','445','445','445','445','445','445'),
('98','459','459','459','459','459','459','459','459','459','459'),
('99','220','220','220','220','220','220','220','220','220','220'),
('100','791','791','791','791','791','791','791','791','791','791');

--
INSERT INTO `genpen`.`roupa` (`id_preso`,`descricao`) VALUES
('1','CONJ CAMISA-CALCA'),
('2','CONJ CAMISA-CALCA'),
('3','CONJ CAMISA-CALCA'),
('4','CONJ CAMISA-CALCA'),
('5','CONJ CAMISA-CALCA'),
('6','CONJ CAMISA-CALCA'),
('7','CONJ CAMISA-CALCA'),
('8','CONJ CAMISA-CALCA'),
('9','CONJ CAMISA-CALCA'),
('10','CONJ CAMISA-CALCA'),
('11','CONJ CAMISA-CALCA'),
('12','CONJ CAMISA-CALCA'),
('13','CONJ CAMISA-CALCA'),
('14','CONJ CAMISA-CALCA'),
('15','CONJ CAMISA-CALCA'),
('16','CONJ CAMISA-CALCA'),
('17','CONJ CAMISA-CALCA'),
('18','CONJ CAMISA-CALCA'),
('19','CONJ CAMISA-CALCA'),
('20','CONJ CAMISA-CALCA'),
('21','CONJ CAMISA-CALCA'),
('22','CONJ CAMISA-CALCA'),
('23','CONJ CAMISA-CALCA'),
('24','CONJ CAMISA-CALCA'),
('25','CONJ CAMISA-CALCA'),
('26','CONJ CAMISA-CALCA'),
('27','CONJ CAMISA-CALCA'),
('28','CONJ CAMISA-CALCA'),
('29','CONJ CAMISA-CALCA'),
('30','CONJ CAMISA-CALCA'),
('31','CONJ CAMISA-CALCA'),
('32','CONJ CAMISA-CALCA'),
('33','CONJ CAMISA-CALCA'),
('34','CONJ CAMISA-CALCA'),
('35','CONJ CAMISA-CALCA'),
('36','CONJ CAMISA-CALCA'),
('37','CONJ CAMISA-CALCA'),
('38','CONJ CAMISA-CALCA'),
('39','CONJ CAMISA-CALCA'),
('40','CONJ CAMISA-CALCA'),
('41','CONJ CAMISA-CALCA'),
('42','CONJ CAMISA-CALCA'),
('43','CONJ CAMISA-CALCA'),
('44','CONJ CAMISA-CALCA'),
('45','CONJ CAMISA-CALCA'),
('46','CONJ CAMISA-CALCA'),
('47','CONJ CAMISA-CALCA'),
('48','CONJ CAMISA-CALCA'),
('49','CONJ CAMISA-CALCA'),
('50','CONJ CAMISA-CALCA'),
('51','CONJ CAMISA-CALCA'),
('52','CONJ CAMISA-CALCA'),
('53','CONJ CAMISA-CALCA'),
('54','CONJ CAMISA-CALCA'),
('55','CONJ CAMISA-CALCA'),
('56','CONJ CAMISA-CALCA'),
('57','CONJ CAMISA-CALCA'),
('58','CONJ CAMISA-CALCA'),
('59','CONJ CAMISA-CALCA'),
('60','CONJ CAMISA-CALCA'),
('61','CONJ CAMISA-CALCA'),
('62','CONJ CAMISA-CALCA'),
('63','CONJ CAMISA-CALCA'),
('64','CONJ CAMISA-CALCA'),
('65','CONJ CAMISA-CALCA'),
('66','CONJ CAMISA-CALCA'),
('67','CONJ CAMISA-CALCA'),
('68','CONJ CAMISA-CALCA'),
('69','CONJ CAMISA-CALCA'),
('70','CONJ CAMISA-CALCA'),
('71','CONJ CAMISA-CALCA'),
('72','CONJ CAMISA-CALCA'),
('73','CONJ CAMISA-CALCA'),
('74','CONJ CAMISA-CALCA'),
('75','CONJ CAMISA-CALCA'),
('76','CONJ CAMISA-CALCA'),
('77','CONJ CAMISA-CALCA'),
('78','CONJ CAMISA-CALCA'),
('79','CONJ CAMISA-CALCA'),
('80','CONJ CAMISA-CALCA'),
('81','CONJ CAMISA-CALCA'),
('82','CONJ CAMISA-CALCA'),
('83','CONJ CAMISA-CALCA'),
('84','CONJ CAMISA-CALCA'),
('85','CONJ CAMISA-CALCA'),
('86','CONJ CAMISA-CALCA'),
('87','CONJ CAMISA-CALCA'),
('88','CONJ CAMISA-CALCA'),
('89','CONJ CAMISA-CALCA'),
('90','CONJ CAMISA-CALCA'),
('91','CONJ CAMISA-CALCA'),
('92','CONJ CAMISA-CALCA'),
('93','CONJ CAMISA-CALCA'),
('94','CONJ CAMISA-CALCA'),
('95','CONJ CAMISA-CALCA'),
('96','CONJ CAMISA-CALCA'),
('97','CONJ CAMISA-CALCA'),
('98','CONJ CAMISA-CALCA'),
('99','CONJ CAMISA-CALCA'),
('100','CONJ CAMISA-CALCA');

--
INSERT INTO `genpen`.`setor` (`matricula_responsavel`,`telefone`,`localizacao`,`nome`,`departamento`) VALUES
('4180696','8133393301','TERREO','LAVANDERIA1','lavanderia'),
('1319543','8133393300','QUADRANTE 1','ENFERMARIA1','enfermaria'),
('9464707','8133393302','QUADRANTE 1','ALMOXARIFADO1','almoxarifado'),
('4500900','8133393303','TERREO','APOIO1','apoio_didatico');

--
INSERT INTO `genpen`.`entrada_lavanderia` (`status`,`data_entrega`,`data_saida`,`responsavel_entrega`,`responsavel_saida`,`id_roupa`,`id_lavanderia`) VALUES
('CONCLUIDA','2013-12-30','2013-12-31','JOSÉ CASOU','JOSÉ CASOU','36','1'),
('CONCLUIDA','2012-12-31','2013-12-31','JOSÉ CATARRINHO','JOSÉ CATARRINHO','50','1'),
('CONCLUIDA','2012-12-25','2013-12-25','JOSÉ MACHUCA','JOSÉ MACHUCA','41','1'),
('CONCLUIDA','2011-11-29','2012-11-29','JOSÉ MARIA ','JOSÉ MARIA ','7','1'),
('CONCLUIDA','2012-03-09','2013-03-09','JOSÉ PADRE NOSSO','JOSÉ PADRE NOSSO','92','1'),
('CONCLUIDA','2012-12-30','2013-12-30','JOSÉ TEODORO ','JOSÉ TEODORO ','49','1'),
('CONCLUIDA','2012-12-31','2013-12-31','JOSÉ XIXI','JOSÉ XIXI','56','1'),
('CONCLUIDA','2012-12-25','2013-12-25','JOVELINA Ó ROSA CHEIROSA','JOVELINA Ó ROSA CHEIROSA','96','1'),
('CONCLUIDA','2011-11-29','2012-11-29','JOTACÁ DOIS MI','JOTACÁ DOIS MI','61','1'),
('CONCLUIDA','2012-03-09','2013-03-09','JÚLIO SANTOS PÉ-CURTO','JÚLIO SANTOS PÉ-CURTO','74','1'),
('CONCLUIDA','2012-12-30','2013-12-30','JUSTIÇA MARIA DE JESUS','JUSTIÇA MARIA DE JESUS','37','1'),
('CONCLUIDA','2012-12-31','2013-12-31','LANÇA PERFUME ','LANÇA PERFUME ','8','1'),
('CONCLUIDA','2012-12-25','2013-12-25','LEÃO ROLANDO PEDREIRA','LEÃO ROLANDO PEDREIRA','66','1'),
('CONCLUIDA','2011-11-29','2012-11-29','LEDA PRAZERES AMANTE','LEDA PRAZERES AMANTE','89','1'),
('CONCLUIDA','2012-03-09','2013-03-09','LETSGO DAQUI ','LETSGO DAQUI ','1','1'),
('CONCLUIDA','2012-12-30','2013-12-30','LIBERDADE IGUALDADE','LIBERDADE IGUALDADE','60','1'),
('CONCLUIDA','2012-12-31','2013-12-31','FRATERNIDADE','FRATERNIDADE','47','1'),
('CONCLUIDA','2012-12-25','2013-12-25','LIBERTINO AFRICANO NOBRE','LIBERTINO AFRICANO NOBRE','96','1'),
('CONCLUIDA','2011-11-29','2012-11-29','LINDULFO CELIDONIO ','LINDULFO CELIDONIO ','65','1'),
('CONCLUIDA','2012-03-09','2013-03-09','LYNILDES CARAPUNFADA','LYNILDES CARAPUNFADA','13','1');

--
INSERT INTO `genpen`.`apoio_didatico` (`id_preso`,`id_apoio_didatico`,`tipo_apoio`,`data_entrada`,`matricula_instrutor`) VALUES
('2','4','MEDIO','2013-12-30','4500900'),
('16','4','BASICO','2012-12-31','4500900'),
('65','4','BASICO','2012-12-25','4500900'),
('39','4','MEDIO','2011-11-29','4500900'),
('5','4','MEDIO','2012-03-09','4500900'),
('43','4','MEDIO','2012-12-30','4500900'),
('48','4','MEDIO','2012-12-31','4500900'),
('53','4','MEDIO','2012-12-25','4500900'),
('62','4','BASICO','2011-11-29','4500900'),
('73','4','BASICO','2012-03-09','4500900'),
('67','4','MEDIO','2012-12-30','4500900'),
('4','4','BASICO','2012-12-31','4500900'),
('38','4','BASICO','2012-12-25','4500900'),
('39','4','MEDIO','2011-11-29','4500900'),
('92','4','MEDIO','2012-03-09','4500900'),
('87','4','BASICO','2012-12-30','4500900'),
('32','4','BASICO','2012-12-31','4500900'),
('33','4','BASICO','2012-12-25','4500900'),
('29','4','MEDIO','2011-11-29','4500900'),
('1','4','BASICO','2012-03-09','4500900');

--
INSERT INTO `genpen`.`enfermaria` (`id_preso`,`id_enfermaria`,`status`,`data_entrada`,`matricula_medico`,`diagnostico_entrega`) VALUES
('2','2','INTERNADO','2013-12-30','1319543','DENGUE'),
('16','2','INTERNADO','2012-12-31','1319543','DENGUE'),
('65','2','INTERNADO','2012-12-25','1319543','DENGUE'),
('39','2','INTERNADO','2011-11-29','1319543','DENGUE'),
('5','2','INTERNADO','2012-03-09','1319543','DENGUE'),
('43','2','INTERNADO','2012-12-30','1319543','DENGUE'),
('48','2','INTERNADO','2012-12-31','1319543','DENGUE'),
('53','2','INTERNADO','2012-12-25','1319543','DENGUE'),
('62','2','INTERNADO','2011-11-29','1319543','CINOMOSE'),
('73','2','INTERNADO','2012-03-09','1319543','CINOMOSE'),
('67','2','INTERNADO','2012-12-30','1319543','CINOMOSE'),
('4','2','INTERNADO','2012-12-31','1319543','CINOMOSE'),
('38','2','INTERNADO','2012-12-25','1319543','CINOMOSE'),
('39','2','INTERNADO','2011-11-29','1319543','CINOMOSE'),
('92','2','INTERNADO','2012-03-09','1319543','TRAUMATISMO'),
('87','2','INTERNADO','2012-12-30','1319543','TRAUMATISMO'),
('32','2','INTERNADO','2012-12-31','1319543','TRAUMATISMO'),
('33','2','INTERNADO','2012-12-25','1319543','TRAUMATISMO'),
('29','2','INTERNADO','2011-11-29','1319543','TRAUMATISMO'),
('1','2','INTERNADO','2012-03-09','1319543','TRAUMATISMO');

--
INSERT INTO `genpen`.`produto` (`descricao`,`quantidade`) VALUES
('SABAO','26'),
('DETERGENTE','35'),
('PAPEL','40'),
('CANETA','10'),
('CACETETE','29'),
('CAPACETE','46'),
('COLETE','44'),
('PISTOLA','30'),
('BAZUCA','30'),
('JATO F22','23'),
('BOMBA','48'),
('REVOLVER','30'),
('CADERNO','29'),
('PROTOCOLO','25'),
('PASTA','21'),
('CIGARRO','34'),
('MUNICAO','23'),
('CAVALO','16'),
('BOLSA','44'),
('MOLA','23');

--
INSERT INTO `genpen`.`fornecedor` (`nome`,`cnpj`,`telefone`,`id_endereco`) VALUES
('BIN LADEN ARMAMENTOS LTDA','65447541000109','8133390909','122'),
('IRAQUE COMPANY LTDA','65447541000110','8178731123','123');

--
INSERT INTO `genpen`.`entrada_almoxarifado` (`id_produto`,`id_almoxarifado`,`id_fornecedor`,`data_entrada`) VALUES
('1','3','1','2013-12-30'),
('2','3','2','2012-12-31'),
('3','3','2','2012-12-25'),
('4','3','2','2011-11-29'),
('5','3','2','2012-03-09'),
('6','3','2','2012-12-30'),
('7','3','1','2012-12-31'),
('8','3','1','2012-12-25'),
('9','3','1','2011-11-29'),
('10','3','2','2012-03-09'),
('11','3','2','2012-12-30'),
('12','3','2','2012-12-31'),
('13','3','2','2012-12-25'),
('14','3','1','2011-11-29'),
('15','3','1','2012-03-09'),
('16','3','1','2012-12-30'),
('17','3','1','2012-12-31'),
('18','3','2','2012-12-25'),
('19','3','2','2011-11-29'),
('20','3','2','2012-03-09');

--
INSERT INTO `genpen`.`parente` (`nome`,`data_nascimento`,`parentesco`,`id_preso`) VALUES
('ABRILINA DÉCIMA NONA CAÇAPAVANA PIRATININGA','1982-12-30','IRMAO','1'),
('ACHEROPITA PAPAZONE','1982-12-31','IRMAO','2'),
('ALFIM CERQUEIRA BORGES CABRAL','1982-12-25','IRMAO','3'),
('ANTÔNIO MORRENDO DAS DORES','1954-11-29','PAI','4'),
('ANTONIO NOITES E DIAS','1982-03-09','MAE','5'),
('ANTÔNIO P. TESTA','1982-12-30','TIA','6'),
('ANTONIO PECHINCHA','1982-12-31','TIO','7'),
('ANTÔNIO QUERIDO FRACASSO','1982-12-25','GATO','8'),
('ANTÔNIO UM DE JUNHO DE MIL NOVECENTOS E DOIS','1954-11-29','PAPAGAIO','9'),
('ANTÔNIO VEADO PREMATURO','1982-03-09','CACHORRO','10'),
('APURINÃ DA FLORESTA BRASILEIRA','1982-12-30','JUMENTO','11'),
('ARACI DO PRECIOSO SANGUE','1982-12-31','PAI','12'),
('ARGENTINO ARGENTA','1982-12-25','MAE','13'),
('ARICLÉIA CAFÉ CHÁ','1954-11-29','IRMAO','14'),
('ARMANDO NASCIMENTO DE JESUS','1982-03-09','AMANTE','15'),
('ARQUITECLÍNIO PETROCOQUÍNIO DE ANDRADE','1982-12-30','EX-MULHER','16'),
('ASTERÓIDE SILVERIO','1982-12-31','FILHO','17'),
('AVA GINA','1982-12-25','FILHA','18'),
('BANANÉIA OLIVEIRA DE DEUS','1954-11-29','NETO','19'),
('BANDEIRANTE DO BRASIL PAULISTANO','1982-03-09','PAI','20'),
('BARRIGUDINHA SELEIDA','1982-12-30','MAE','21'),
('BARUEL DE ITAPARICA BORÉ FOMI DE TUCUNDUVÁ','1982-12-31','IRMAO','22'),
('BELDERAGAS PIRUÉGAS DE','1982-12-25','IRMA','23'),
('BENDE SANDE BRANQUINHO MARACAJÁ','1954-11-29','IRMA','24'),
('BENEDITO AUTOR DA PURIFICAÇÃO','1982-03-09','IRMA','25'),
('BENEDITO CAMURÇA AVELUDADO','1982-12-30','IRMAO','26'),
('BENEDITO FRÔSCOLO DE AIMBARÉ MILITÃO DE SOUZA','1982-12-31','IRMAO','27'),
('BENIGNA JARRA','1982-12-25','IRMAO','28'),
('BENVINDO VIOLA','1954-11-29','PAI','29'),
('BISPO DE PARIS','1982-03-09','MAE','30'),
('BIZARRO ASSADA','1982-12-30','TIA','31'),
('BOAVENTURA TORRADA','1982-12-31','TIO','32'),
('BOM FILHO PERSEGONHA','1982-12-25','GATO','33'),
('BRANDAMENTE BRASIL','1954-11-29','PAPAGAIO','34'),
('BRASIL WASHINGTON C. A. JÚNIOR','1982-03-09','CACHORRO','35'),
('BRÍGIDA DE SAMORA MORA','1982-12-30','JUMENTO','36'),
('CAFIASPIRINA CRUZ','1982-12-31','PAI','37'),
('CAIUS MARCIUS AFRICANUS','1982-12-25','MAE','38'),
('CANTINHO DA VILA ALENCAR DA CORTE REAL SAMPAIO','1954-11-29','IRMAO','39'),
('CAPOTE VALENTE E MARIMBONDO DA TRINDADE','1982-03-09','AMANTE','40'),
('CARABINO TIRO CERTO','1982-12-30','EX-MULHER','41'),
('CARLOS ALBERTO SANTÍSSIMO SACRAMENTO','1982-12-31','FILHO','42'),
('CARNEIRO DE SOUZA E FARO','1982-12-25','FILHA','43'),
('CARVALHO SANTINHO','1954-11-29','NETO','44'),
('CASO RARO YAMADA','1982-03-09','PAI','45'),
('CÉU AZUL DO SOL POENTE','1982-12-30','MAE','46'),
('CHANANECO VARGAS DA SILVA','1982-12-31','IRMAO','47'),
('CHEVROLET DA SILVA FORD','1982-12-25','IRMA','48'),
('CINCERO DO NASCIMENTO','1954-11-29','IRMA','49'),
('CINCONEGUE WASHINGTON MATOS','1982-03-09','IRMA','50'),
('CLARISBADEU BRAZ DA SILVA','1982-12-30','IRMAO','51'),
('COLAPSO CARDÍACO DA SILVA','1982-12-31','IRMAO','52'),
('COMIGO É NOVE NA GARRUCHA TROUXADA','1982-12-25','IRMAO','53'),
('CONFESSOURA DORNELLES','1954-11-29','PAI','54'),
('CRISOPRASSO COMPASSO','1982-03-09','MAE','55'),
('DANÚBIO TARADA DUARTE','1982-12-30','TIA','56'),
('DARCÍLIA ABRAÇOS','1982-12-31','TIO','57'),
('DEUS É INFINITAMENTE MISERICORDIOSO','1982-12-25','GATO','58'),
('DEUS MAGDA SILVA','1954-11-29','PAPAGAIO','59'),
('DEUSARINA VENUS DE MILO','1982-03-09','CACHORRO','60'),
('DEZÊNCIO FEVERÊNCIO DE OITENTA E CINCO','1982-12-30','JUMENTO','61'),
('DIGNATARIO DA ORDEM IMPERIAL DO CRUZEIRO','1982-12-31','PAI','62'),
('DILKE DE LA ROQUE PINHO','1982-12-25','MAE','63'),
('DISNEY CHAPLIN MILHOMEM DE SOUZA','1954-11-29','IRMAO','64'),
('DOLORES FUERTES DE BARRIGA','1982-03-09','AMANTE','65'),
('DOSOLINA PIROCA TAZINASSO','1982-12-30','EX-MULHER','66'),
('DRÁGICA BROKO','1982-12-31','FILHO','67'),
('ERNESTO SEGUNDO DA FAMÍLIA LIMA','1982-12-25','FILHA','68'),
('ESDRAS ESDRON EUSTAQUIO OBIRAPITANGA','1954-11-29','NETO','69'),
('ESPARADRAPO CLEMENTE DE SÁ','1982-03-09','PAI','70'),
('ESPERE EM DEUS MATEUS','1982-12-30','MAE','71'),
('ESTÁCIO PONTA FINA AMOLADOR','1982-12-31','IRMAO','72'),
('ÉTER SULFÚRICO AMAZONINO RIOS','1982-12-25','IRMA','73'),
('EXCELSA TERESINHA DO MENINO JESUS E SILVA','1954-11-29','IRMA','74'),
('FARAÓ DO EGITO SOUSA','1982-03-09','IRMA','75'),
('FRATERNIDADE NOVA YORK ROCHA','1982-12-30','IRMAO','76'),
('JOSÉ CASOU DE CALÇAS CURTAS','1982-12-31','IRMAO','77'),
('JOSÉ CATARRINHO','1982-12-25','IRMAO','78'),
('JOSÉ MACHUCA','1954-11-29','PAI','79'),
('JOSÉ MARIA GUARDANAPO','1982-03-09','MAE','80'),
('JOSÉ PADRE NOSSO','1982-12-30','TIA','81'),
('JOSÉ TEODORO PINTO TAPADO','1982-12-31','TIO','82'),
('JOSÉ XIXI','1982-12-25','GATO','83'),
('JOTACÁ DOIS MIL E UM JUANA MULA','1954-11-29','PAPAGAIO','84'),
('JOVELINA Ó ROSA CHEIROSA','1982-03-09','CACHORRO','85'),
('JÚLIO SANTOS PÉ-CURTO','1982-12-30','JUMENTO','86'),
('JUSTIÇA MARIA DE JESUS','1982-12-31','PAI','87'),
('LANÇA PERFUME RODOMETÁLICO DE ANDRADE','1982-12-25','MAE','88'),
('LEÃO ROLANDO PEDREIRA','1954-11-29','IRMAO','89'),
('LEDA PRAZERES AMANTE','1982-03-09','AMANTE','90'),
('LETSGO DAQUI ','1982-12-30','EX-MULHER','91'),
('LIBERDADE IGUALDADE','1982-12-31','FILHO','92'),
('LIBERTINO AFRICANO NOBRE','1982-12-25','FILHA','93'),
('LINDULFO CELIDONIO CALAFANGE DE TEFÉ','1954-11-29','NETO','94'),
('LYNILDES CARAPUNFADA DORES FÍGADO','1982-03-09','PAI','95'),
('MAGNÉSIA BISURADA DO PATROCÍNIO','1982-03-09','MAE','96'),
('MANGANÊS MANGANÉSFERO NACIONAL','1982-12-30','IRMAO','97'),
('MANOEL DE HORA PONTUAL','1982-12-31','IRMA','98'),
('MANOLO PORRAS Y PORRAS','1982-12-25','IRMA','99'),
('TILDES GANSO MAGRO','1954-11-29','IRMA','100');

--
INSERT INTO `genpen`.`visita` (`id_preso`,`data`,`duracao`,`id_parente`) VALUES
('2',','2013-03-30','103','38'),
('16',','2013-03-31','32','96'),
('65',','2013-03-25','45','56'),
('39',','2013-03-31','39','16'),
('5',','2013-03-09','95','66'),
('43',','2013-03-30','53','1'),
('48',','2013-03-31','63','14'),
('53',','2013-03-25','82','8'),
('62',','2013-03-31','119','61'),
('73',','2013-03-09','36','84'),
('67',','2013-05-30','89','43'),
('4',','2013-05-31','55','82'),
('38',','2013-05-25','64','19'),
('39',','2013-05-39','46','9'),
('92',','2013-05-09','36','50'),
('87',','2013-05-30','47','14'),
('32',','2013-05-31','89','100'),
('33',','2013-05-25','40','84'),
('29',','2013-05-31','68','19'),
('1',','2013-05-09','70','44');









